# Kalpana3D OBJ Exporter
v -0.750000 0.863397 -0.250000
v -0.758337 0.875000 -0.250000
v -0.750000 0.875000 -0.299973
v -0.750000 0.863397 -0.250000
v -0.750000 0.875000 -0.237176
v -0.758337 0.875000 -0.250000
v -0.750000 0.905251 -0.375000
v -0.789622 1.000000 -0.375000
v -0.750000 1.000000 -0.441102
v -0.750000 0.875000 -0.299973
v -0.789622 1.000000 -0.375000
v -0.750000 0.905251 -0.375000
v -0.750000 0.875000 -0.299973
v -0.758337 0.875000 -0.250000
v -0.789622 1.000000 -0.375000
v -0.758337 0.875000 -0.250000
v -0.788362 1.000000 -0.250000
v -0.789622 1.000000 -0.375000
v -0.758337 0.875000 -0.250000
v -0.750000 1.000000 -0.159821
v -0.788362 1.000000 -0.250000
v -0.750000 0.875000 -0.237176
v -0.750000 1.000000 -0.159821
v -0.758337 0.875000 -0.250000
v -0.750000 1.000000 -0.441102
v -0.789622 1.000000 -0.375000
v -0.750000 1.071077 -0.375000
v -0.750000 1.071077 -0.375000
v -0.770476 1.125000 -0.250000
v -0.750000 1.125000 -0.301983
v -0.750000 1.071077 -0.375000
v -0.789622 1.000000 -0.375000
v -0.770476 1.125000 -0.250000
v -0.789622 1.000000 -0.375000
v -0.788362 1.000000 -0.250000
v -0.770476 1.125000 -0.250000
v -0.788362 1.000000 -0.250000
v -0.750000 1.125000 -0.222093
v -0.770476 1.125000 -0.250000
v -0.750000 1.000000 -0.159821
v -0.750000 1.125000 -0.222093
v -0.788362 1.000000 -0.250000
v -0.750000 1.125000 -0.301983
v -0.770476 1.125000 -0.250000
v -0.750000 1.153242 -0.250000
v -0.770476 1.125000 -0.250000
v -0.750000 1.125000 -0.222093
v -0.750000 1.153242 -0.250000
v -0.625000 0.743333 -0.250000
v -0.632108 0.750000 -0.250000
v -0.625000 0.750000 -0.266434
v -0.625000 0.743333 -0.250000
v -0.625000 0.750000 -0.226987
v -0.632108 0.750000 -0.250000
v -0.625000 0.792113 -0.375000
v -0.729520 0.875000 -0.375000
v -0.625000 0.875000 -0.453305
v -0.729520 0.875000 -0.375000
v -0.750000 0.863397 -0.250000
v -0.750000 0.875000 -0.299973
v -0.625000 0.792113 -0.375000
v -0.750000 0.863397 -0.250000
v -0.729520 0.875000 -0.375000
v -0.625000 0.792113 -0.375000
v -0.632108 0.750000 -0.250000
v -0.750000 0.863397 -0.250000
v -0.625000 0.792113 -0.375000
v -0.625000 0.750000 -0.266434
v -0.632108 0.750000 -0.250000
v -0.625000 0.815873 -0.125000
v -0.651418 0.875000 -0.125000
v -0.750000 0.875000 -0.237176
v -0.625000 0.750000 -0.226987
v -0.625000 0.815873 -0.125000
v -0.750000 0.875000 -0.237176
v -0.625000 0.750000 -0.226987
v -0.750000 0.875000 -0.237176
v -0.750000 0.863397 -0.250000
v -0.625000 0.750000 -0.226987
v -0.750000 0.863397 -0.250000
v -0.632108 0.750000 -0.250000
v -0.625000 0.815873 -0.125000
v -0.625000 0.875000 -0.099681
v -0.651418 0.875000 -0.125000
v -0.625000 0.987305 -0.500000
v -0.638718 1.000000 -0.500000
v -0.625000 1.000000 -0.504343
v -0.638718 1.000000 -0.500000
v -0.750000 0.905251 -0.375000
v -0.750000 1.000000 -0.441102
v -0.625000 0.987305 -0.500000
v -0.750000 0.905251 -0.375000
v -0.638718 1.000000 -0.500000
v -0.625000 0.987305 -0.500000
v -0.729520 0.875000 -0.375000
v -0.750000 0.905251 -0.375000
v -0.625000 0.987305 -0.500000
v -0.625000 0.875000 -0.453305
v -0.729520 0.875000 -0.375000
v -0.729520 0.875000 -0.375000
v -0.750000 0.875000 -0.299973
v -0.750000 0.905251 -0.375000
v -0.750000 1.000000 -0.159821
v -0.750000 0.875000 -0.237176
v -0.651418 0.875000 -0.125000
v -0.708449 1.000000 -0.125000
v -0.750000 1.000000 -0.159821
v -0.651418 0.875000 -0.125000
v -0.651418 0.875000 -0.125000
v -0.625000 1.000000 -0.092399
v -0.708449 1.000000 -0.125000
v -0.625000 0.875000 -0.099681
v -0.625000 1.000000 -0.092399
v -0.651418 0.875000 -0.125000
v -0.625000 1.000000 -0.504343
v -0.638718 1.000000 -0.500000
v -0.625000 1.013082 -0.500000
v -0.750000 1.000000 -0.441102
v -0.750000 1.071077 -0.375000
v -0.700698 1.125000 -0.375000
v -0.638718 1.000000 -0.500000
v -0.750000 1.000000 -0.441102
v -0.700698 1.125000 -0.375000
v -0.638718 1.000000 -0.500000
v -0.700698 1.125000 -0.375000
v -0.625000 1.125000 -0.444187
v -0.638718 1.000000 -0.500000
v -0.625000 1.125000 -0.444187
v -0.625000 1.013082 -0.500000
v -0.700698 1.125000 -0.375000
v -0.750000 1.071077 -0.375000
v -0.750000 1.125000 -0.301983
v -0.708449 1.000000 -0.125000
v -0.625000 1.056415 -0.125000
v -0.625000 1.125000 -0.178740
v -0.708449 1.000000 -0.125000
v -0.625000 1.125000 -0.178740
v -0.750000 1.000000 -0.159821
v -0.750000 1.000000 -0.159821
v -0.625000 1.125000 -0.178740
v -0.750000 1.125000 -0.222093
v -0.708449 1.000000 -0.125000
v -0.625000 1.000000 -0.092399
v -0.625000 1.056415 -0.125000
v -0.625000 1.125000 -0.444187
v -0.700698 1.125000 -0.375000
v -0.625000 1.173894 -0.375000
v -0.750000 1.125000 -0.301983
v -0.625000 1.173894 -0.375000
v -0.700698 1.125000 -0.375000
v -0.750000 1.125000 -0.301983
v -0.750000 1.153242 -0.250000
v -0.625000 1.173894 -0.375000
v -0.750000 1.153242 -0.250000
v -0.625000 1.185903 -0.250000
v -0.625000 1.173894 -0.375000
v -0.625000 1.125000 -0.178740
v -0.750000 1.153242 -0.250000
v -0.750000 1.125000 -0.222093
v -0.625000 1.185903 -0.250000
v -0.750000 1.153242 -0.250000
v -0.625000 1.125000 -0.178740
v -0.500000 0.592863 -0.125000
v -0.523501 0.625000 -0.125000
v -0.500000 0.625000 -0.208372
v -0.500000 0.592863 -0.125000
v -0.500000 0.625000 -0.085486
v -0.523501 0.625000 -0.125000
v -0.500000 0.710198 -0.375000
v -0.552548 0.750000 -0.375000
v -0.500000 0.750000 -0.405895
v -0.552548 0.750000 -0.375000
v -0.625000 0.743333 -0.250000
v -0.625000 0.750000 -0.266434
v -0.552548 0.750000 -0.375000
v -0.500000 0.710198 -0.375000
v -0.625000 0.743333 -0.250000
v -0.500000 0.710198 -0.375000
v -0.500000 0.635428 -0.250000
v -0.625000 0.743333 -0.250000
v -0.500000 0.625000 -0.208372
v -0.523501 0.625000 -0.125000
v -0.595265 0.750000 -0.125000
v -0.500000 0.625000 -0.208372
v -0.595265 0.750000 -0.125000
v -0.625000 0.743333 -0.250000
v -0.500000 0.625000 -0.208372
v -0.625000 0.743333 -0.250000
v -0.500000 0.635428 -0.250000
v -0.625000 0.743333 -0.250000
v -0.595265 0.750000 -0.125000
v -0.625000 0.750000 -0.226987
v -0.523501 0.625000 -0.125000
v -0.500000 0.750000 -0.025155
v -0.595265 0.750000 -0.125000
v -0.500000 0.625000 -0.085486
v -0.500000 0.750000 -0.025155
v -0.523501 0.625000 -0.125000
v -0.625000 0.792113 -0.375000
v -0.500000 0.750000 -0.405895
v -0.552548 0.750000 -0.375000
v -0.625000 0.792113 -0.375000
v -0.625000 0.875000 -0.453305
v -0.500000 0.750000 -0.405895
v -0.625000 0.875000 -0.453305
v -0.500000 0.875000 -0.462674
v -0.500000 0.750000 -0.405895
v -0.552548 0.750000 -0.375000
v -0.625000 0.750000 -0.266434
v -0.625000 0.792113 -0.375000
v -0.625000 0.750000 -0.226987
v -0.595265 0.750000 -0.125000
v -0.625000 0.815873 -0.125000
v -0.595265 0.750000 -0.125000
v -0.625000 0.875000 -0.099681
v -0.625000 0.815873 -0.125000
v -0.595265 0.750000 -0.125000
v -0.500000 0.750000 -0.025155
v -0.625000 0.875000 -0.099681
v -0.500000 0.750000 -0.025155
v -0.500000 0.875000 -0.037822
v -0.625000 0.875000 -0.099681
v -0.625000 1.000000 -0.504343
v -0.599614 1.000000 -0.500000
v -0.625000 0.987305 -0.500000
v -0.625000 0.987305 -0.500000
v -0.599614 1.000000 -0.500000
v -0.500000 1.000000 -0.482937
v -0.625000 0.987305 -0.500000
v -0.500000 1.000000 -0.482937
v -0.625000 0.875000 -0.453305
v -0.625000 0.875000 -0.453305
v -0.500000 1.000000 -0.482937
v -0.500000 0.875000 -0.462674
v -0.500000 0.875000 -0.037822
v -0.500000 1.000000 -0.068378
v -0.625000 0.875000 -0.099681
v -0.625000 0.875000 -0.099681
v -0.500000 1.000000 -0.068378
v -0.625000 1.000000 -0.092399
v -0.625000 1.000000 -0.504343
v -0.625000 1.013082 -0.500000
v -0.599614 1.000000 -0.500000
v -0.599614 1.000000 -0.500000
v -0.625000 1.013082 -0.500000
v -0.625000 1.125000 -0.444187
v -0.599614 1.000000 -0.500000
v -0.625000 1.125000 -0.444187
v -0.500000 1.000000 -0.482937
v -0.500000 1.000000 -0.482937
v -0.625000 1.125000 -0.444187
v -0.500000 1.125000 -0.428086
v -0.625000 1.056415 -0.125000
v -0.500000 1.066286 -0.125000
v -0.500000 1.125000 -0.194745
v -0.625000 1.125000 -0.178740
v -0.625000 1.056415 -0.125000
v -0.500000 1.125000 -0.194745
v -0.500000 1.000000 -0.068378
v -0.625000 1.056415 -0.125000
v -0.625000 1.000000 -0.092399
v -0.500000 1.066286 -0.125000
v -0.625000 1.056415 -0.125000
v -0.500000 1.000000 -0.068378
v -0.625000 1.125000 -0.444187
v -0.500000 1.166606 -0.375000
v -0.500000 1.125000 -0.428086
v -0.625000 1.173894 -0.375000
v -0.500000 1.166606 -0.375000
v -0.625000 1.125000 -0.444187
v -0.500000 1.166606 -0.375000
v -0.625000 1.173894 -0.375000
v -0.500000 1.159128 -0.250000
v -0.500000 1.159128 -0.250000
v -0.625000 1.173894 -0.375000
v -0.625000 1.185903 -0.250000
v -0.500000 1.125000 -0.194745
v -0.625000 1.185903 -0.250000
v -0.625000 1.125000 -0.178740
v -0.500000 1.159128 -0.250000
v -0.625000 1.185903 -0.250000
v -0.500000 1.125000 -0.194745
v -0.375000 -1.143799 0.125000
v -0.383019 -1.125000 0.125000
v -0.375000 -1.125000 0.059722
v -0.375000 -1.143799 0.125000
v -0.375000 -1.125000 0.137843
v -0.383019 -1.125000 0.125000
v -0.375000 -1.053160 -0.125000
v -0.383021 -1.000000 -0.125000
v -0.375000 -1.000000 -0.146087
v -0.375000 -1.103188 0.000000
v -0.383021 -1.000000 -0.125000
v -0.375000 -1.053160 -0.125000
v -0.411881 -1.000000 0.000000
v -0.383021 -1.000000 -0.125000
v -0.375000 -1.103188 0.000000
v -0.375000 -1.125000 0.059722
v -0.383019 -1.125000 0.125000
v -0.375000 -1.024981 0.125000
v -0.375000 -1.103188 0.000000
v -0.375000 -1.000000 0.118180
v -0.411881 -1.000000 0.000000
v -0.383019 -1.125000 0.125000
v -0.375000 -1.125000 0.137843
v -0.375000 -1.024981 0.125000
v -0.375000 -1.000000 -0.146087
v -0.383021 -1.000000 -0.125000
v -0.375000 -0.964521 -0.125000
v -0.375000 -0.964521 -0.125000
v -0.398254 -0.875000 0.000000
v -0.375000 -0.875000 -0.062404
v -0.375000 -0.964521 -0.125000
v -0.383021 -1.000000 -0.125000
v -0.398254 -0.875000 0.000000
v -0.383021 -1.000000 -0.125000
v -0.411881 -1.000000 0.000000
v -0.398254 -0.875000 0.000000
v -0.375000 -0.983615 0.125000
v -0.411881 -1.000000 0.000000
v -0.375000 -1.000000 0.118180
v -0.375000 -0.983615 0.125000
v -0.389690 -0.875000 0.125000
v -0.411881 -1.000000 0.000000
v -0.389690 -0.875000 0.125000
v -0.398254 -0.875000 0.000000
v -0.411881 -1.000000 0.000000
v -0.375000 -0.983615 0.125000
v -0.375000 -0.875000 0.154091
v -0.389690 -0.875000 0.125000
v -0.375000 -0.797808 -0.125000
v -0.388675 -0.750000 -0.125000
v -0.375000 -0.750000 -0.151231
v -0.375000 -0.875000 -0.062404
v -0.388675 -0.750000 -0.125000
v -0.375000 -0.797808 -0.125000
v -0.375000 -0.875000 -0.062404
v -0.398254 -0.875000 0.000000
v -0.388675 -0.750000 -0.125000
v -0.398254 -0.875000 0.000000
v -0.409566 -0.750000 0.000000
v -0.388675 -0.750000 -0.125000
v -0.375000 -0.750000 0.099069
v -0.389690 -0.875000 0.125000
v -0.375000 -0.797034 0.125000
v -0.375000 -0.750000 0.099069
v -0.409566 -0.750000 0.000000
v -0.389690 -0.875000 0.125000
v -0.409566 -0.750000 0.000000
v -0.398254 -0.875000 0.000000
v -0.389690 -0.875000 0.125000
v -0.389690 -0.875000 0.125000
v -0.375000 -0.875000 0.154091
v -0.375000 -0.797034 0.125000
v -0.375000 -0.750000 -0.151231
v -0.383164 -0.625000 -0.125000
v -0.375000 -0.625000 -0.141278
v -0.388675 -0.750000 -0.125000
v -0.383164 -0.625000 -0.125000
v -0.375000 -0.750000 -0.151231
v -0.388675 -0.750000 -0.125000
v -0.409566 -0.750000 0.000000
v -0.383164 -0.625000 -0.125000
v -0.383164 -0.625000 -0.125000
v -0.409566 -0.750000 0.000000
v -0.411106 -0.625000 0.000000
v -0.375000 -0.676765 0.125000
v -0.409566 -0.750000 0.000000
v -0.375000 -0.750000 0.099069
v -0.375000 -0.676765 0.125000
v -0.382585 -0.625000 0.125000
v -0.409566 -0.750000 0.000000
v -0.382585 -0.625000 0.125000
v -0.411106 -0.625000 0.000000
v -0.409566 -0.750000 0.000000
v -0.375000 -0.676765 0.125000
v -0.375000 -0.625000 0.140549
v -0.382585 -0.625000 0.125000
v -0.375000 -0.625000 -0.141278
v -0.377063 -0.500000 -0.125000
v -0.375000 -0.500000 -0.130817
v -0.383164 -0.625000 -0.125000
v -0.377063 -0.500000 -0.125000
v -0.375000 -0.625000 -0.141278
v -0.383164 -0.625000 -0.125000
v -0.411106 -0.625000 0.000000
v -0.377063 -0.500000 -0.125000
v -0.377063 -0.500000 -0.125000
v -0.411106 -0.625000 0.000000
v -0.407869 -0.500000 0.000000
v -0.375000 -0.500000 0.112487
v -0.382585 -0.625000 0.125000
v -0.375000 -0.548597 0.125000
v -0.375000 -0.500000 0.112487
v -0.407869 -0.500000 0.000000
v -0.382585 -0.625000 0.125000
v -0.407869 -0.500000 0.000000
v -0.411106 -0.625000 0.000000
v -0.382585 -0.625000 0.125000
v -0.382585 -0.625000 0.125000
v -0.375000 -0.625000 0.140549
v -0.375000 -0.548597 0.125000
v -0.375000 -0.500000 -0.130817
v -0.377063 -0.500000 -0.125000
v -0.375000 -0.444410 -0.125000
v -0.375000 -0.444410 -0.125000
v -0.405877 -0.375000 0.000000
v -0.375000 -0.375000 -0.115368
v -0.375000 -0.444410 -0.125000
v -0.377063 -0.500000 -0.125000
v -0.405877 -0.375000 0.000000
v -0.377063 -0.500000 -0.125000
v -0.407869 -0.500000 0.000000
v -0.405877 -0.375000 0.000000
v -0.375000 -0.472157 0.125000
v -0.407869 -0.500000 0.000000
v -0.375000 -0.500000 0.112487
v -0.375000 -0.472157 0.125000
v -0.390073 -0.375000 0.125000
v -0.407869 -0.500000 0.000000
v -0.390073 -0.375000 0.125000
v -0.405877 -0.375000 0.000000
v -0.407869 -0.500000 0.000000
v -0.375000 -0.472157 0.125000
v -0.375000 -0.375000 0.149244
v -0.390073 -0.375000 0.125000
v -0.375000 -0.375000 -0.115368
v -0.413901 -0.250000 0.000000
v -0.375000 -0.250000 -0.122508
v -0.405877 -0.375000 0.000000
v -0.413901 -0.250000 0.000000
v -0.375000 -0.375000 -0.115368
v -0.375000 -0.250000 0.121019
v -0.390073 -0.375000 0.125000
v -0.375000 -0.260772 0.125000
v -0.375000 -0.250000 0.121019
v -0.413901 -0.250000 0.000000
v -0.390073 -0.375000 0.125000
v -0.413901 -0.250000 0.000000
v -0.405877 -0.375000 0.000000
v -0.390073 -0.375000 0.125000
v -0.390073 -0.375000 0.125000
v -0.375000 -0.375000 0.149244
v -0.375000 -0.260772 0.125000
v -0.375000 -0.250000 -0.122508
v -0.396660 -0.125000 0.000000
v -0.375000 -0.125000 -0.106291
v -0.413901 -0.250000 0.000000
v -0.396660 -0.125000 0.000000
v -0.375000 -0.250000 -0.122508
v -0.413901 -0.250000 0.000000
v -0.375000 -0.125000 0.110529
v -0.396660 -0.125000 0.000000
v -0.375000 -0.250000 0.121019
v -0.375000 -0.125000 0.110529
v -0.413901 -0.250000 0.000000
v -0.375000 -0.103431 -0.125000
v -0.393133 0.000000 -0.125000
v -0.375000 0.000000 -0.150120
v -0.375000 -0.125000 -0.106291
v -0.393133 0.000000 -0.125000
v -0.375000 -0.103431 -0.125000
v -0.375000 -0.125000 -0.106291
v -0.396660 -0.125000 0.000000
v -0.393133 0.000000 -0.125000
v -0.396660 -0.125000 0.000000
v -0.398628 0.000000 0.000000
v -0.393133 0.000000 -0.125000
v -0.375000 -0.106435 0.125000
v -0.396660 -0.125000 0.000000
v -0.375000 -0.125000 0.110529
v -0.375000 -0.106435 0.125000
v -0.389247 0.000000 0.125000
v -0.396660 -0.125000 0.000000
v -0.389247 0.000000 0.125000
v -0.398628 0.000000 0.000000
v -0.396660 -0.125000 0.000000
v -0.375000 -0.106435 0.125000
v -0.375000 0.000000 0.161042
v -0.389247 0.000000 0.125000
v -0.375000 0.000000 -0.150120
v -0.385965 0.125000 -0.125000
v -0.375000 0.125000 -0.143852
v -0.393133 0.000000 -0.125000
v -0.385965 0.125000 -0.125000
v -0.375000 0.000000 -0.150120
v -0.393133 0.000000 -0.125000
v -0.398628 0.000000 0.000000
v -0.385965 0.125000 -0.125000
v -0.385965 0.125000 -0.125000
v -0.398628 0.000000 0.000000
v -0.400390 0.125000 0.000000
v -0.398628 0.000000 0.000000
v -0.389247 0.000000 0.125000
v -0.400390 0.125000 0.000000
v -0.400390 0.125000 0.000000
v -0.389247 0.000000 0.125000
v -0.389981 0.125000 0.125000
v -0.389247 0.000000 0.125000
v -0.375000 0.125000 0.156057
v -0.389981 0.125000 0.125000
v -0.375000 0.000000 0.161042
v -0.375000 0.125000 0.156057
v -0.389247 0.000000 0.125000
v -0.375000 0.125000 -0.143852
v -0.385965 0.125000 -0.125000
v -0.375000 0.166002 -0.125000
v -0.375000 0.166002 -0.125000
v -0.396794 0.250000 0.000000
v -0.375000 0.250000 -0.067407
v -0.375000 0.166002 -0.125000
v -0.385965 0.125000 -0.125000
v -0.396794 0.250000 0.000000
v -0.385965 0.125000 -0.125000
v -0.400390 0.125000 0.000000
v -0.396794 0.250000 0.000000
v -0.400390 0.125000 0.000000
v -0.389981 0.125000 0.125000
v -0.396794 0.250000 0.000000
v -0.396794 0.250000 0.000000
v -0.389981 0.125000 0.125000
v -0.382767 0.250000 0.125000
v -0.389981 0.125000 0.125000
v -0.375000 0.250000 0.145549
v -0.382767 0.250000 0.125000
v -0.375000 0.125000 0.156057
v -0.375000 0.250000 0.145549
v -0.389981 0.125000 0.125000
v -0.375000 0.250000 -0.067407
v -0.394414 0.375000 0.000000
v -0.375000 0.375000 -0.075472
v -0.396794 0.250000 0.000000
v -0.394414 0.375000 0.000000
v -0.375000 0.250000 -0.067407
v -0.396794 0.250000 0.000000
v -0.382767 0.250000 0.125000
v -0.394414 0.375000 0.000000
v -0.394414 0.375000 0.000000
v -0.382767 0.250000 0.125000
v -0.400300 0.375000 0.125000
v -0.382767 0.250000 0.125000
v -0.375000 0.375000 0.163186
v -0.400300 0.375000 0.125000
v -0.375000 0.250000 0.145549
v -0.375000 0.375000 0.163186
v -0.382767 0.250000 0.125000
v -0.375000 0.401858 -0.125000
v -0.421966 0.500000 -0.125000
v -0.375000 0.500000 -0.225219
v -0.375000 0.375000 -0.075472
v -0.421966 0.500000 -0.125000
v -0.375000 0.401858 -0.125000
v -0.375000 0.375000 -0.075472
v -0.394414 0.375000 0.000000
v -0.421966 0.500000 -0.125000
v -0.394414 0.375000 0.000000
v -0.406650 0.500000 0.000000
v -0.421966 0.500000 -0.125000
v -0.375000 0.500000 0.116122
v -0.400300 0.375000 0.125000
v -0.375000 0.490885 0.125000
v -0.375000 0.500000 0.116122
v -0.406650 0.500000 0.000000
v -0.400300 0.375000 0.125000
v -0.406650 0.500000 0.000000
v -0.394414 0.375000 0.000000
v -0.400300 0.375000 0.125000
v -0.400300 0.375000 0.125000
v -0.375000 0.375000 0.163186
v -0.375000 0.490885 0.125000
v -0.375000 0.512738 -0.250000
v -0.485450 0.625000 -0.250000
v -0.375000 0.625000 -0.334209
v -0.485450 0.625000 -0.250000
v -0.500000 0.592863 -0.125000
v -0.500000 0.625000 -0.208372
v -0.375000 0.512738 -0.250000
v -0.500000 0.592863 -0.125000
v -0.485450 0.625000 -0.250000
v -0.375000 0.512738 -0.250000
v -0.421966 0.500000 -0.125000
v -0.500000 0.592863 -0.125000
v -0.375000 0.512738 -0.250000
v -0.375000 0.500000 -0.225219
v -0.421966 0.500000 -0.125000
v -0.500000 0.625000 -0.085486
v -0.500000 0.592863 -0.125000
v -0.421966 0.500000 -0.125000
v -0.500000 0.625000 -0.085486
v -0.421966 0.500000 -0.125000
v -0.436673 0.625000 0.000000
v -0.436673 0.625000 0.000000
v -0.421966 0.500000 -0.125000
v -0.406650 0.500000 0.000000
v -0.406650 0.500000 0.000000
v -0.375000 0.625000 0.102883
v -0.436673 0.625000 0.000000
v -0.375000 0.500000 0.116122
v -0.375000 0.625000 0.102883
v -0.406650 0.500000 0.000000
v -0.500000 0.710198 -0.375000
v -0.375000 0.750000 -0.387508
v -0.375000 0.722840 -0.375000
v -0.500000 0.750000 -0.405895
v -0.375000 0.750000 -0.387508
v -0.500000 0.710198 -0.375000
v -0.375000 0.625000 -0.334209
v -0.485450 0.625000 -0.250000
v -0.500000 0.635428 -0.250000
v -0.375000 0.625000 -0.334209
v -0.500000 0.635428 -0.250000
v -0.375000 0.722840 -0.375000
v -0.375000 0.722840 -0.375000
v -0.500000 0.635428 -0.250000
v -0.500000 0.710198 -0.375000
v -0.485450 0.625000 -0.250000
v -0.500000 0.625000 -0.208372
v -0.500000 0.635428 -0.250000
v -0.500000 0.750000 -0.025155
v -0.500000 0.625000 -0.085486
v -0.436673 0.625000 0.000000
v -0.468941 0.750000 0.000000
v -0.500000 0.750000 -0.025155
v -0.436673 0.625000 0.000000
v -0.436673 0.625000 0.000000
v -0.375000 0.750000 0.055606
v -0.468941 0.750000 0.000000
v -0.375000 0.625000 0.102883
v -0.375000 0.750000 0.055606
v -0.436673 0.625000 0.000000
v -0.375000 0.750000 -0.387508
v -0.500000 0.750000 -0.405895
v -0.375000 0.875000 -0.427706
v -0.500000 0.750000 -0.405895
v -0.500000 0.875000 -0.462674
v -0.375000 0.875000 -0.427706
v -0.468941 0.750000 0.000000
v -0.375000 0.849516 0.000000
v -0.375000 0.875000 -0.016560
v -0.468941 0.750000 0.000000
v -0.375000 0.875000 -0.016560
v -0.500000 0.750000 -0.025155
v -0.500000 0.750000 -0.025155
v -0.375000 0.875000 -0.016560
v -0.500000 0.875000 -0.037822
v -0.468941 0.750000 0.000000
v -0.375000 0.750000 0.055606
v -0.375000 0.849516 0.000000
v -0.375000 0.875000 -0.427706
v -0.500000 0.875000 -0.462674
v -0.375000 1.000000 -0.377647
v -0.500000 0.875000 -0.462674
v -0.500000 1.000000 -0.482937
v -0.375000 1.000000 -0.377647
v -0.375000 0.875000 -0.016560
v -0.375000 1.000000 -0.112341
v -0.500000 0.875000 -0.037822
v -0.500000 0.875000 -0.037822
v -0.375000 1.000000 -0.112341
v -0.500000 1.000000 -0.068378
v -0.375000 1.003939 -0.375000
v -0.500000 1.125000 -0.428086
v -0.445812 1.125000 -0.375000
v -0.375000 1.003939 -0.375000
v -0.375000 1.000000 -0.377647
v -0.500000 1.125000 -0.428086
v -0.375000 1.000000 -0.377647
v -0.500000 1.000000 -0.482937
v -0.500000 1.125000 -0.428086
v -0.375000 1.050474 -0.250000
v -0.375000 1.003939 -0.375000
v -0.445812 1.125000 -0.375000
v -0.435411 1.125000 -0.250000
v -0.375000 1.050474 -0.250000
v -0.445812 1.125000 -0.375000
v -0.435411 1.125000 -0.250000
v -0.500000 1.125000 -0.194745
v -0.500000 1.066286 -0.125000
v -0.435411 1.125000 -0.250000
v -0.500000 1.066286 -0.125000
v -0.375000 1.050474 -0.250000
v -0.375000 1.050474 -0.250000
v -0.500000 1.066286 -0.125000
v -0.375000 1.011805 -0.125000
v -0.375000 1.000000 -0.112341
v -0.500000 1.066286 -0.125000
v -0.500000 1.000000 -0.068378
v -0.375000 1.011805 -0.125000
v -0.500000 1.066286 -0.125000
v -0.375000 1.000000 -0.112341
v -0.500000 1.125000 -0.428086
v -0.500000 1.166606 -0.375000
v -0.445812 1.125000 -0.375000
v -0.445812 1.125000 -0.375000
v -0.500000 1.159128 -0.250000
v -0.435411 1.125000 -0.250000
v -0.500000 1.166606 -0.375000
v -0.500000 1.159128 -0.250000
v -0.445812 1.125000 -0.375000
v -0.435411 1.125000 -0.250000
v -0.500000 1.159128 -0.250000
v -0.500000 1.125000 -0.194745
v -0.250000 -1.276676 -0.125000
v -0.280391 -1.250000 -0.125000
v -0.250000 -1.250000 -0.172198
v -0.250000 -1.315453 0.000000
v -0.280391 -1.250000 -0.125000
v -0.250000 -1.276676 -0.125000
v -0.325211 -1.250000 0.000000
v -0.280391 -1.250000 -0.125000
v -0.250000 -1.315453 0.000000
v -0.250000 -1.277925 0.125000
v -0.325211 -1.250000 0.000000
v -0.250000 -1.315453 0.000000
v -0.283683 -1.250000 0.125000
v -0.325211 -1.250000 0.000000
v -0.250000 -1.277925 0.125000
v -0.250000 -1.277925 0.125000
v -0.250000 -1.250000 0.164061
v -0.283683 -1.250000 0.125000
v -0.250000 -1.179292 -0.250000
v -0.289818 -1.125000 -0.250000
v -0.250000 -1.125000 -0.274756
v -0.250000 -1.250000 -0.172198
v -0.289818 -1.125000 -0.250000
v -0.250000 -1.179292 -0.250000
v -0.250000 -1.250000 -0.172198
v -0.280391 -1.250000 -0.125000
v -0.289818 -1.125000 -0.250000
v -0.280391 -1.250000 -0.125000
v -0.362100 -1.125000 -0.125000
v -0.289818 -1.125000 -0.250000
v -0.280391 -1.250000 -0.125000
v -0.325211 -1.250000 0.000000
v -0.362100 -1.125000 -0.125000
v -0.362100 -1.125000 -0.125000
v -0.325211 -1.250000 0.000000
v -0.366266 -1.125000 0.000000
v -0.375000 -1.143799 0.125000
v -0.375000 -1.125000 0.059722
v -0.366266 -1.125000 0.000000
v -0.375000 -1.143799 0.125000
v -0.366266 -1.125000 0.000000
v -0.283683 -1.250000 0.125000
v -0.283683 -1.250000 0.125000
v -0.366266 -1.125000 0.000000
v -0.325211 -1.250000 0.000000
v -0.250000 -1.177979 0.250000
v -0.284823 -1.125000 0.250000
v -0.375000 -1.125000 0.137843
v -0.250000 -1.250000 0.164061
v -0.250000 -1.177979 0.250000
v -0.375000 -1.125000 0.137843
v -0.250000 -1.250000 0.164061
v -0.375000 -1.125000 0.137843
v -0.375000 -1.143799 0.125000
v -0.250000 -1.250000 0.164061
v -0.375000 -1.143799 0.125000
v -0.283683 -1.250000 0.125000
v -0.250000 -1.177979 0.250000
v -0.250000 -1.125000 0.287964
v -0.284823 -1.125000 0.250000
v -0.250000 -1.125000 -0.274756
v -0.313054 -1.000000 -0.250000
v -0.250000 -1.000000 -0.300818
v -0.289818 -1.125000 -0.250000
v -0.313054 -1.000000 -0.250000
v -0.250000 -1.125000 -0.274756
v -0.375000 -1.053160 -0.125000
v -0.375000 -1.000000 -0.146087
v -0.313054 -1.000000 -0.250000
v -0.375000 -1.053160 -0.125000
v -0.313054 -1.000000 -0.250000
v -0.362100 -1.125000 -0.125000
v -0.362100 -1.125000 -0.125000
v -0.313054 -1.000000 -0.250000
v -0.289818 -1.125000 -0.250000
v -0.362100 -1.125000 -0.125000
v -0.366266 -1.125000 0.000000
v -0.375000 -1.103188 0.000000
v -0.375000 -1.053160 -0.125000
v -0.362100 -1.125000 -0.125000
v -0.375000 -1.103188 0.000000
v -0.375000 -1.000000 0.118180
v -0.375000 -1.103188 0.000000
v -0.366266 -1.125000 0.000000
v -0.375000 -1.000000 0.118180
v -0.366266 -1.125000 0.000000
v -0.372661 -1.000000 0.125000
v -0.375000 -1.125000 0.059722
v -0.375000 -1.024981 0.125000
v -0.366266 -1.125000 0.000000
v -0.375000 -1.024981 0.125000
v -0.372661 -1.000000 0.125000
v -0.366266 -1.125000 0.000000
v -0.375000 -1.024981 0.125000
v -0.375000 -1.125000 0.137843
v -0.284823 -1.125000 0.250000
v -0.375000 -1.024981 0.125000
v -0.284823 -1.125000 0.250000
v -0.372661 -1.000000 0.125000
v -0.372661 -1.000000 0.125000
v -0.284823 -1.125000 0.250000
v -0.288614 -1.000000 0.250000
v -0.284823 -1.125000 0.250000
v -0.250000 -1.000000 0.308031
v -0.288614 -1.000000 0.250000
v -0.250000 -1.125000 0.287964
v -0.250000 -1.000000 0.308031
v -0.284823 -1.125000 0.250000
v -0.250000 -1.000000 -0.300818
v -0.319891 -0.875000 -0.250000
v -0.250000 -0.875000 -0.330990
v -0.313054 -1.000000 -0.250000
v -0.319891 -0.875000 -0.250000
v -0.250000 -1.000000 -0.300818
v -0.375000 -1.000000 -0.146087
v -0.375000 -0.964521 -0.125000
v -0.354838 -0.875000 -0.125000
v -0.375000 -1.000000 -0.146087
v -0.354838 -0.875000 -0.125000
v -0.313054 -1.000000 -0.250000
v -0.313054 -1.000000 -0.250000
v -0.354838 -0.875000 -0.125000
v -0.319891 -0.875000 -0.250000
v -0.354838 -0.875000 -0.125000
v -0.375000 -0.964521 -0.125000
v -0.375000 -0.875000 -0.062404
v -0.375000 -1.000000 0.118180
v -0.372661 -1.000000 0.125000
v -0.375000 -0.983615 0.125000
v -0.375000 -0.875000 0.154091
v -0.375000 -0.983615 0.125000
v -0.372661 -1.000000 0.125000
v -0.375000 -0.875000 0.154091
v -0.372661 -1.000000 0.125000
v -0.303861 -0.875000 0.250000
v -0.303861 -0.875000 0.250000
v -0.372661 -1.000000 0.125000
v -0.288614 -1.000000 0.250000
v -0.288614 -1.000000 0.250000
v -0.250000 -0.875000 0.314473
v -0.303861 -0.875000 0.250000
v -0.250000 -1.000000 0.308031
v -0.250000 -0.875000 0.314473
v -0.288614 -1.000000 0.250000
v -0.250000 -0.875000 -0.330990
v -0.307177 -0.750000 -0.250000
v -0.250000 -0.750000 -0.311083
v -0.319891 -0.875000 -0.250000
v -0.307177 -0.750000 -0.250000
v -0.250000 -0.875000 -0.330990
v -0.375000 -0.797808 -0.125000
v -0.375000 -0.750000 -0.151231
v -0.307177 -0.750000 -0.250000
v -0.375000 -0.797808 -0.125000
v -0.307177 -0.750000 -0.250000
v -0.354838 -0.875000 -0.125000
v -0.354838 -0.875000 -0.125000
v -0.307177 -0.750000 -0.250000
v -0.319891 -0.875000 -0.250000
v -0.354838 -0.875000 -0.125000
v -0.375000 -0.875000 -0.062404
v -0.375000 -0.797808 -0.125000
v -0.375000 -0.750000 0.099069
v -0.375000 -0.797034 0.125000
v -0.365101 -0.750000 0.125000
v -0.375000 -0.797034 0.125000
v -0.375000 -0.875000 0.154091
v -0.303861 -0.875000 0.250000
v -0.375000 -0.797034 0.125000
v -0.303861 -0.875000 0.250000
v -0.365101 -0.750000 0.125000
v -0.365101 -0.750000 0.125000
v -0.303861 -0.875000 0.250000
v -0.305919 -0.750000 0.250000
v -0.303861 -0.875000 0.250000
v -0.250000 -0.750000 0.310456
v -0.305919 -0.750000 0.250000
v -0.250000 -0.875000 0.314473
v -0.250000 -0.750000 0.310456
v -0.303861 -0.875000 0.250000
v -0.250000 -0.750000 -0.311083
v -0.311363 -0.625000 -0.250000
v -0.250000 -0.625000 -0.310578
v -0.307177 -0.750000 -0.250000
v -0.311363 -0.625000 -0.250000
v -0.250000 -0.750000 -0.311083
v -0.311363 -0.625000 -0.250000
v -0.307177 -0.750000 -0.250000
v -0.375000 -0.750000 -0.151231
v -0.375000 -0.625000 -0.141278
v -0.311363 -0.625000 -0.250000
v -0.375000 -0.750000 -0.151231
v -0.375000 -0.750000 0.099069
v -0.365101 -0.750000 0.125000
v -0.375000 -0.676765 0.125000
v -0.375000 -0.625000 0.140549
v -0.375000 -0.676765 0.125000
v -0.365101 -0.750000 0.125000
v -0.375000 -0.625000 0.140549
v -0.365101 -0.750000 0.125000
v -0.310451 -0.625000 0.250000
v -0.310451 -0.625000 0.250000
v -0.365101 -0.750000 0.125000
v -0.305919 -0.750000 0.250000
v -0.305919 -0.750000 0.250000
v -0.250000 -0.625000 0.305737
v -0.310451 -0.625000 0.250000
v -0.250000 -0.750000 0.310456
v -0.250000 -0.625000 0.305737
v -0.305919 -0.750000 0.250000
v -0.250000 -0.625000 -0.310578
v -0.304597 -0.500000 -0.250000
v -0.250000 -0.500000 -0.309103
v -0.311363 -0.625000 -0.250000
v -0.304597 -0.500000 -0.250000
v -0.250000 -0.625000 -0.310578
v -0.304597 -0.500000 -0.250000
v -0.311363 -0.625000 -0.250000
v -0.375000 -0.625000 -0.141278
v -0.375000 -0.500000 -0.130817
v -0.304597 -0.500000 -0.250000
v -0.375000 -0.625000 -0.141278
v -0.375000 -0.500000 0.112487
v -0.375000 -0.548597 0.125000
v -0.370701 -0.500000 0.125000
v -0.375000 -0.548597 0.125000
v -0.375000 -0.625000 0.140549
v -0.310451 -0.625000 0.250000
v -0.375000 -0.548597 0.125000
v -0.310451 -0.625000 0.250000
v -0.370701 -0.500000 0.125000
v -0.370701 -0.500000 0.125000
v -0.310451 -0.625000 0.250000
v -0.308207 -0.500000 0.250000
v -0.310451 -0.625000 0.250000
v -0.250000 -0.500000 0.317111
v -0.308207 -0.500000 0.250000
v -0.250000 -0.625000 0.305737
v -0.250000 -0.500000 0.317111
v -0.310451 -0.625000 0.250000
v -0.250000 -0.500000 -0.309103
v -0.315095 -0.375000 -0.250000
v -0.250000 -0.375000 -0.317734
v -0.304597 -0.500000 -0.250000
v -0.315095 -0.375000 -0.250000
v -0.250000 -0.500000 -0.309103
v -0.375000 -0.500000 -0.130817
v -0.375000 -0.444410 -0.125000
v -0.372602 -0.375000 -0.125000
v -0.375000 -0.500000 -0.130817
v -0.372602 -0.375000 -0.125000
v -0.304597 -0.500000 -0.250000
v -0.304597 -0.500000 -0.250000
v -0.372602 -0.375000 -0.125000
v -0.315095 -0.375000 -0.250000
v -0.372602 -0.375000 -0.125000
v -0.375000 -0.444410 -0.125000
v -0.375000 -0.375000 -0.115368
v -0.375000 -0.500000 0.112487
v -0.370701 -0.500000 0.125000
v -0.375000 -0.472157 0.125000
v -0.375000 -0.375000 0.149244
v -0.375000 -0.472157 0.125000
v -0.370701 -0.500000 0.125000
v -0.375000 -0.375000 0.149244
v -0.370701 -0.500000 0.125000
v -0.300234 -0.375000 0.250000
v -0.300234 -0.375000 0.250000
v -0.370701 -0.500000 0.125000
v -0.308207 -0.500000 0.250000
v -0.308207 -0.500000 0.250000
v -0.250000 -0.375000 0.304185
v -0.300234 -0.375000 0.250000
v -0.250000 -0.500000 0.317111
v -0.250000 -0.375000 0.304185
v -0.308207 -0.500000 0.250000
v -0.250000 -0.375000 -0.317734
v -0.302966 -0.250000 -0.250000
v -0.250000 -0.250000 -0.310947
v -0.315095 -0.375000 -0.250000
v -0.302966 -0.250000 -0.250000
v -0.250000 -0.375000 -0.317734
v -0.315095 -0.375000 -0.250000
v -0.372602 -0.375000 -0.125000
v -0.302966 -0.250000 -0.250000
v -0.302966 -0.250000 -0.250000
v -0.372602 -0.375000 -0.125000
v -0.374235 -0.250000 -0.125000
v -0.374235 -0.250000 -0.125000
v -0.372602 -0.375000 -0.125000
v -0.375000 -0.375000 -0.115368
v -0.375000 -0.250000 -0.122508
v -0.374235 -0.250000 -0.125000
v -0.375000 -0.375000 -0.115368
v -0.375000 -0.250000 0.121019
v -0.375000 -0.260772 0.125000
v -0.373709 -0.250000 0.125000
v -0.375000 -0.260772 0.125000
v -0.375000 -0.375000 0.149244
v -0.300234 -0.375000 0.250000
v -0.375000 -0.260772 0.125000
v -0.300234 -0.375000 0.250000
v -0.373709 -0.250000 0.125000
v -0.373709 -0.250000 0.125000
v -0.300234 -0.375000 0.250000
v -0.313437 -0.250000 0.250000
v -0.300234 -0.375000 0.250000
v -0.250000 -0.250000 0.315736
v -0.313437 -0.250000 0.250000
v -0.250000 -0.375000 0.304185
v -0.250000 -0.250000 0.315736
v -0.300234 -0.375000 0.250000
v -0.250000 -0.250000 -0.310947
v -0.318521 -0.125000 -0.250000
v -0.250000 -0.125000 -0.331757
v -0.302966 -0.250000 -0.250000
v -0.318521 -0.125000 -0.250000
v -0.250000 -0.250000 -0.310947
v -0.302966 -0.250000 -0.250000
v -0.374235 -0.250000 -0.125000
v -0.318521 -0.125000 -0.250000
v -0.318521 -0.125000 -0.250000
v -0.374235 -0.250000 -0.125000
v -0.371211 -0.125000 -0.125000
v -0.371211 -0.125000 -0.125000
v -0.374235 -0.250000 -0.125000
v -0.375000 -0.250000 -0.122508
v -0.375000 -0.125000 -0.106291
v -0.371211 -0.125000 -0.125000
v -0.375000 -0.250000 -0.122508
v -0.375000 -0.125000 0.110529
v -0.375000 -0.250000 0.121019
v -0.373709 -0.250000 0.125000
v -0.371846 -0.125000 0.125000
v -0.375000 -0.125000 0.110529
v -0.373709 -0.250000 0.125000
v -0.373709 -0.250000 0.125000
v -0.313437 -0.250000 0.250000
v -0.371846 -0.125000 0.125000
v -0.371846 -0.125000 0.125000
v -0.313437 -0.250000 0.250000
v -0.333346 -0.125000 0.250000
v -0.313437 -0.250000 0.250000
v -0.250000 -0.125000 0.313464
v -0.333346 -0.125000 0.250000
v -0.250000 -0.250000 0.315736
v -0.250000 -0.125000 0.313464
v -0.313437 -0.250000 0.250000
v -0.250000 -0.125000 -0.331757
v -0.301275 0.000000 -0.250000
v -0.250000 0.000000 -0.321655
v -0.318521 -0.125000 -0.250000
v -0.301275 0.000000 -0.250000
v -0.250000 -0.125000 -0.331757
v -0.375000 -0.103431 -0.125000
v -0.375000 0.000000 -0.150120
v -0.301275 0.000000 -0.250000
v -0.375000 -0.103431 -0.125000
v -0.301275 0.000000 -0.250000
v -0.371211 -0.125000 -0.125000
v -0.371211 -0.125000 -0.125000
v -0.301275 0.000000 -0.250000
v -0.318521 -0.125000 -0.250000
v -0.371211 -0.125000 -0.125000
v -0.375000 -0.125000 -0.106291
v -0.375000 -0.103431 -0.125000
v -0.375000 -0.125000 0.110529
v -0.371846 -0.125000 0.125000
v -0.375000 -0.106435 0.125000
v -0.375000 0.000000 0.161042
v -0.375000 -0.106435 0.125000
v -0.371846 -0.125000 0.125000
v -0.375000 0.000000 0.161042
v -0.371846 -0.125000 0.125000
v -0.318183 0.000000 0.250000
v -0.318183 0.000000 0.250000
v -0.371846 -0.125000 0.125000
v -0.333346 -0.125000 0.250000
v -0.333346 -0.125000 0.250000
v -0.250000 0.000000 0.303578
v -0.318183 0.000000 0.250000
v -0.250000 -0.125000 0.313464
v -0.250000 0.000000 0.303578
v -0.333346 -0.125000 0.250000
v -0.250000 0.000000 -0.321655
v -0.319108 0.125000 -0.250000
v -0.250000 0.125000 -0.326395
v -0.301275 0.000000 -0.250000
v -0.319108 0.125000 -0.250000
v -0.250000 0.000000 -0.321655
v -0.319108 0.125000 -0.250000
v -0.301275 0.000000 -0.250000
v -0.375000 0.000000 -0.150120
v -0.375000 0.125000 -0.143852
v -0.319108 0.125000 -0.250000
v -0.375000 0.000000 -0.150120
v -0.375000 0.125000 0.156057
v -0.375000 0.000000 0.161042
v -0.318183 0.000000 0.250000
v -0.305720 0.125000 0.250000
v -0.375000 0.125000 0.156057
v -0.318183 0.000000 0.250000
v -0.318183 0.000000 0.250000
v -0.250000 0.125000 0.302869
v -0.305720 0.125000 0.250000
v -0.250000 0.000000 0.303578
v -0.250000 0.125000 0.302869
v -0.318183 0.000000 0.250000
v -0.250000 0.125000 -0.326395
v -0.286229 0.250000 -0.250000
v -0.250000 0.250000 -0.291057
v -0.319108 0.125000 -0.250000
v -0.286229 0.250000 -0.250000
v -0.250000 0.125000 -0.326395
v -0.375000 0.125000 -0.143852
v -0.375000 0.166002 -0.125000
v -0.359157 0.250000 -0.125000
v -0.375000 0.125000 -0.143852
v -0.359157 0.250000 -0.125000
v -0.319108 0.125000 -0.250000
v -0.319108 0.125000 -0.250000
v -0.359157 0.250000 -0.125000
v -0.286229 0.250000 -0.250000
v -0.359157 0.250000 -0.125000
v -0.375000 0.166002 -0.125000
v -0.375000 0.250000 -0.067407
v -0.375000 0.250000 0.145549
v -0.375000 0.125000 0.156057
v -0.305720 0.125000 0.250000
v -0.322753 0.250000 0.250000
v -0.375000 0.250000 0.145549
v -0.305720 0.125000 0.250000
v -0.305720 0.125000 0.250000
v -0.250000 0.250000 0.331621
v -0.322753 0.250000 0.250000
v -0.250000 0.125000 0.302869
v -0.250000 0.250000 0.331621
v -0.305720 0.125000 0.250000
v -0.250000 0.250000 -0.291057
v -0.320539 0.375000 -0.250000
v -0.250000 0.375000 -0.321293
v -0.286229 0.250000 -0.250000
v -0.320539 0.375000 -0.250000
v -0.250000 0.250000 -0.291057
v -0.286229 0.250000 -0.250000
v -0.359157 0.250000 -0.125000
v -0.320539 0.375000 -0.250000
v -0.320539 0.375000 -0.250000
v -0.359157 0.250000 -0.125000
v -0.367451 0.375000 -0.125000
v -0.367451 0.375000 -0.125000
v -0.359157 0.250000 -0.125000
v -0.375000 0.250000 -0.067407
v -0.375000 0.375000 -0.075472
v -0.367451 0.375000 -0.125000
v -0.375000 0.250000 -0.067407
v -0.375000 0.375000 0.163186
v -0.375000 0.250000 0.145549
v -0.322753 0.250000 0.250000
v -0.302224 0.375000 0.250000
v -0.375000 0.375000 0.163186
v -0.322753 0.250000 0.250000
v -0.322753 0.250000 0.250000
v -0.250000 0.375000 0.331530
v -0.302224 0.375000 0.250000
v -0.250000 0.250000 0.331621
v -0.250000 0.375000 0.331530
v -0.322753 0.250000 0.250000
v -0.250000 0.375000 -0.321293
v -0.356852 0.500000 -0.250000
v -0.250000 0.500000 -0.321652
v -0.320539 0.375000 -0.250000
v -0.356852 0.500000 -0.250000
v -0.250000 0.375000 -0.321293
v -0.375000 0.401858 -0.125000
v -0.375000 0.500000 -0.225219
v -0.356852 0.500000 -0.250000
v -0.375000 0.401858 -0.125000
v -0.356852 0.500000 -0.250000
v -0.367451 0.375000 -0.125000
v -0.367451 0.375000 -0.125000
v -0.356852 0.500000 -0.250000
v -0.320539 0.375000 -0.250000
v -0.367451 0.375000 -0.125000
v -0.375000 0.375000 -0.075472
v -0.375000 0.401858 -0.125000
v -0.375000 0.500000 0.116122
v -0.375000 0.490885 0.125000
v -0.372453 0.500000 0.125000
v -0.375000 0.490885 0.125000
v -0.375000 0.375000 0.163186
v -0.302224 0.375000 0.250000
v -0.375000 0.490885 0.125000
v -0.302224 0.375000 0.250000
v -0.372453 0.500000 0.125000
v -0.372453 0.500000 0.125000
v -0.302224 0.375000 0.250000
v -0.317227 0.500000 0.250000
v -0.302224 0.375000 0.250000
v -0.250000 0.500000 0.316582
v -0.317227 0.500000 0.250000
v -0.250000 0.375000 0.331530
v -0.250000 0.500000 0.316582
v -0.302224 0.375000 0.250000
v -0.375000 0.512738 -0.250000
v -0.250000 0.500000 -0.321652
v -0.356852 0.500000 -0.250000
v -0.375000 0.512738 -0.250000
v -0.375000 0.625000 -0.334209
v -0.250000 0.500000 -0.321652
v -0.375000 0.625000 -0.334209
v -0.250000 0.625000 -0.342723
v -0.250000 0.500000 -0.321652
v -0.356852 0.500000 -0.250000
v -0.375000 0.500000 -0.225219
v -0.375000 0.512738 -0.250000
v -0.375000 0.625000 0.102883
v -0.375000 0.500000 0.116122
v -0.372453 0.500000 0.125000
v -0.364843 0.625000 0.125000
v -0.375000 0.625000 0.102883
v -0.372453 0.500000 0.125000
v -0.372453 0.500000 0.125000
v -0.317227 0.500000 0.250000
v -0.364843 0.625000 0.125000
v -0.364843 0.625000 0.125000
v -0.317227 0.500000 0.250000
v -0.272891 0.625000 0.250000
v -0.317227 0.500000 0.250000
v -0.250000 0.625000 0.270807
v -0.272891 0.625000 0.250000
v -0.250000 0.500000 0.316582
v -0.250000 0.625000 0.270807
v -0.317227 0.500000 0.250000
v -0.375000 0.750000 -0.387508
v -0.318607 0.750000 -0.375000
v -0.375000 0.722840 -0.375000
v -0.375000 0.722840 -0.375000
v -0.318607 0.750000 -0.375000
v -0.250000 0.750000 -0.359776
v -0.375000 0.722840 -0.375000
v -0.250000 0.750000 -0.359776
v -0.375000 0.625000 -0.334209
v -0.375000 0.625000 -0.334209
v -0.250000 0.750000 -0.359776
v -0.250000 0.625000 -0.342723
v -0.375000 0.750000 0.055606
v -0.375000 0.625000 0.102883
v -0.364843 0.625000 0.125000
v -0.265038 0.750000 0.125000
v -0.375000 0.750000 0.055606
v -0.364843 0.625000 0.125000
v -0.250000 0.750000 0.150127
v -0.272891 0.625000 0.250000
v -0.250000 0.664428 0.250000
v -0.250000 0.750000 0.150127
v -0.265038 0.750000 0.125000
v -0.272891 0.625000 0.250000
v -0.265038 0.750000 0.125000
v -0.364843 0.625000 0.125000
v -0.272891 0.625000 0.250000
v -0.272891 0.625000 0.250000
v -0.250000 0.625000 0.270807
v -0.250000 0.664428 0.250000
v -0.375000 0.875000 -0.427706
v -0.318607 0.750000 -0.375000
v -0.375000 0.750000 -0.387508
v -0.309546 0.875000 -0.375000
v -0.318607 0.750000 -0.375000
v -0.375000 0.875000 -0.427706
v -0.318607 0.750000 -0.375000
v -0.309546 0.875000 -0.375000
v -0.250000 0.875000 -0.304943
v -0.250000 0.750000 -0.359776
v -0.318607 0.750000 -0.375000
v -0.250000 0.875000 -0.304943
v -0.375000 0.849516 0.000000
v -0.250000 0.847369 0.000000
v -0.250000 0.875000 -0.062574
v -0.375000 0.875000 -0.016560
v -0.375000 0.849516 0.000000
v -0.250000 0.875000 -0.062574
v -0.265038 0.750000 0.125000
v -0.375000 0.849516 0.000000
v -0.375000 0.750000 0.055606
v -0.265038 0.750000 0.125000
v -0.250000 0.762956 0.125000
v -0.375000 0.849516 0.000000
v -0.250000 0.762956 0.125000
v -0.250000 0.847369 0.000000
v -0.375000 0.849516 0.000000
v -0.265038 0.750000 0.125000
v -0.250000 0.750000 0.150127
v -0.250000 0.762956 0.125000
v -0.375000 1.000000 -0.377647
v -0.309546 0.875000 -0.375000
v -0.375000 0.875000 -0.427706
v -0.372560 1.000000 -0.375000
v -0.309546 0.875000 -0.375000
v -0.375000 1.000000 -0.377647
v -0.250000 0.922593 -0.250000
v -0.250000 0.875000 -0.304943
v -0.309546 0.875000 -0.375000
v -0.250000 0.922593 -0.250000
v -0.309546 0.875000 -0.375000
v -0.341147 1.000000 -0.250000
v -0.341147 1.000000 -0.250000
v -0.309546 0.875000 -0.375000
v -0.372560 1.000000 -0.375000
v -0.250000 0.916083 -0.125000
v -0.250000 0.922593 -0.250000
v -0.341147 1.000000 -0.250000
v -0.353690 1.000000 -0.125000
v -0.250000 0.916083 -0.125000
v -0.341147 1.000000 -0.250000
v -0.353690 1.000000 -0.125000
v -0.250000 0.875000 -0.062574
v -0.250000 0.916083 -0.125000
v -0.353690 1.000000 -0.125000
v -0.375000 1.000000 -0.112341
v -0.250000 0.875000 -0.062574
v -0.375000 1.000000 -0.112341
v -0.375000 0.875000 -0.016560
v -0.250000 0.875000 -0.062574
v -0.375000 1.000000 -0.377647
v -0.375000 1.003939 -0.375000
v -0.372560 1.000000 -0.375000
v -0.372560 1.000000 -0.375000
v -0.375000 1.050474 -0.250000
v -0.341147 1.000000 -0.250000
v -0.375000 1.003939 -0.375000
v -0.375000 1.050474 -0.250000
v -0.372560 1.000000 -0.375000
v -0.341147 1.000000 -0.250000
v -0.375000 1.011805 -0.125000
v -0.353690 1.000000 -0.125000
v -0.375000 1.050474 -0.250000
v -0.375000 1.011805 -0.125000
v -0.341147 1.000000 -0.250000
v -0.353690 1.000000 -0.125000
v -0.375000 1.011805 -0.125000
v -0.375000 1.000000 -0.112341
v -0.125000 -1.391894 0.000000
v -0.154879 -1.375000 0.000000
v -0.125000 -1.375000 -0.047194
v -0.125000 -1.391894 0.000000
v -0.125000 -1.375000 0.091535
v -0.154879 -1.375000 0.000000
v -0.125000 -1.279475 -0.250000
v -0.174901 -1.250000 -0.250000
v -0.125000 -1.250000 -0.281354
v -0.174901 -1.250000 -0.250000
v -0.250000 -1.276676 -0.125000
v -0.250000 -1.250000 -0.172198
v -0.174901 -1.250000 -0.250000
v -0.125000 -1.279475 -0.250000
v -0.250000 -1.276676 -0.125000
v -0.125000 -1.279475 -0.250000
v -0.125000 -1.346267 -0.125000
v -0.250000 -1.276676 -0.125000
v -0.125000 -1.375000 -0.047194
v -0.154879 -1.375000 0.000000
v -0.250000 -1.315453 0.000000
v -0.125000 -1.375000 -0.047194
v -0.250000 -1.315453 0.000000
v -0.125000 -1.346267 -0.125000
v -0.125000 -1.346267 -0.125000
v -0.250000 -1.315453 0.000000
v -0.250000 -1.276676 -0.125000
v -0.154879 -1.375000 0.000000
v -0.125000 -1.375000 0.091535
v -0.125000 -1.366436 0.125000
v -0.154879 -1.375000 0.000000
v -0.125000 -1.366436 0.125000
v -0.250000 -1.315453 0.000000
v -0.250000 -1.315453 0.000000
v -0.125000 -1.366436 0.125000
v -0.250000 -1.277925 0.125000
v -0.250000 -1.250000 0.164061
v -0.125000 -1.269971 0.250000
v -0.152256 -1.250000 0.250000
v -0.250000 -1.250000 0.164061
v -0.250000 -1.277925 0.125000
v -0.125000 -1.269971 0.250000
v -0.250000 -1.277925 0.125000
v -0.125000 -1.366436 0.125000
v -0.125000 -1.269971 0.250000
v -0.125000 -1.269971 0.250000
v -0.125000 -1.250000 0.265432
v -0.152256 -1.250000 0.250000
v -0.250000 -1.179292 -0.250000
v -0.125000 -1.250000 -0.281354
v -0.174901 -1.250000 -0.250000
v -0.250000 -1.179292 -0.250000
v -0.250000 -1.125000 -0.274756
v -0.125000 -1.250000 -0.281354
v -0.250000 -1.125000 -0.274756
v -0.125000 -1.125000 -0.366534
v -0.125000 -1.250000 -0.281354
v -0.174901 -1.250000 -0.250000
v -0.250000 -1.250000 -0.172198
v -0.250000 -1.179292 -0.250000
v -0.250000 -1.250000 0.164061
v -0.152256 -1.250000 0.250000
v -0.250000 -1.177979 0.250000
v -0.152256 -1.250000 0.250000
v -0.250000 -1.125000 0.287964
v -0.250000 -1.177979 0.250000
v -0.152256 -1.250000 0.250000
v -0.125000 -1.250000 0.265432
v -0.250000 -1.125000 0.287964
v -0.125000 -1.250000 0.265432
v -0.125000 -1.125000 0.356486
v -0.250000 -1.125000 0.287964
v -0.125000 -1.018545 -0.375000
v -0.127843 -1.000000 -0.375000
v -0.125000 -1.000000 -0.376333
v -0.127843 -1.000000 -0.375000
v -0.125000 -1.018545 -0.375000
v -0.125000 -1.125000 -0.366534
v -0.127843 -1.000000 -0.375000
v -0.125000 -1.125000 -0.366534
v -0.250000 -1.000000 -0.300818
v -0.250000 -1.000000 -0.300818
v -0.125000 -1.125000 -0.366534
v -0.250000 -1.125000 -0.274756
v -0.125000 -1.125000 0.356486
v -0.125000 -1.000000 0.357241
v -0.250000 -1.125000 0.287964
v -0.250000 -1.125000 0.287964
v -0.125000 -1.000000 0.357241
v -0.250000 -1.000000 0.308031
v -0.125000 -1.000000 -0.376333
v -0.127843 -1.000000 -0.375000
v -0.125000 -0.974045 -0.375000
v -0.125000 -0.974045 -0.375000
v -0.127843 -1.000000 -0.375000
v -0.250000 -1.000000 -0.300818
v -0.125000 -0.974045 -0.375000
v -0.250000 -1.000000 -0.300818
v -0.125000 -0.875000 -0.369126
v -0.125000 -0.875000 -0.369126
v -0.250000 -1.000000 -0.300818
v -0.250000 -0.875000 -0.330990
v -0.125000 -0.918618 0.375000
v -0.152616 -0.875000 0.375000
v -0.250000 -0.875000 0.314473
v -0.125000 -0.918618 0.375000
v -0.250000 -0.875000 0.314473
v -0.125000 -1.000000 0.357241
v -0.125000 -1.000000 0.357241
v -0.250000 -0.875000 0.314473
v -0.250000 -1.000000 0.308031
v -0.125000 -0.918618 0.375000
v -0.125000 -0.875000 0.384960
v -0.152616 -0.875000 0.375000
v -0.125000 -0.875000 -0.369126
v -0.250000 -0.875000 -0.330990
v -0.125000 -0.750000 -0.363323
v -0.250000 -0.875000 -0.330990
v -0.250000 -0.750000 -0.311083
v -0.125000 -0.750000 -0.363323
v -0.152616 -0.875000 0.375000
v -0.125000 -0.765792 0.375000
v -0.125000 -0.750000 0.373485
v -0.152616 -0.875000 0.375000
v -0.125000 -0.750000 0.373485
v -0.250000 -0.875000 0.314473
v -0.250000 -0.875000 0.314473
v -0.125000 -0.750000 0.373485
v -0.250000 -0.750000 0.310456
v -0.152616 -0.875000 0.375000
v -0.125000 -0.875000 0.384960
v -0.125000 -0.765792 0.375000
v -0.125000 -0.639235 -0.375000
v -0.129052 -0.625000 -0.375000
v -0.125000 -0.625000 -0.376964
v -0.129052 -0.625000 -0.375000
v -0.125000 -0.639235 -0.375000
v -0.125000 -0.750000 -0.363323
v -0.129052 -0.625000 -0.375000
v -0.125000 -0.750000 -0.363323
v -0.250000 -0.625000 -0.310578
v -0.250000 -0.625000 -0.310578
v -0.125000 -0.750000 -0.363323
v -0.250000 -0.750000 -0.311083
v -0.125000 -0.750000 0.373485
v -0.125000 -0.625000 0.370122
v -0.250000 -0.750000 0.310456
v -0.250000 -0.750000 0.310456
v -0.125000 -0.625000 0.370122
v -0.250000 -0.625000 0.305737
v -0.125000 -0.625000 -0.376964
v -0.133849 -0.500000 -0.375000
v -0.125000 -0.500000 -0.378398
v -0.129052 -0.625000 -0.375000
v -0.133849 -0.500000 -0.375000
v -0.125000 -0.625000 -0.376964
v -0.133849 -0.500000 -0.375000
v -0.129052 -0.625000 -0.375000
v -0.250000 -0.625000 -0.310578
v -0.250000 -0.500000 -0.309103
v -0.133849 -0.500000 -0.375000
v -0.250000 -0.625000 -0.310578
v -0.125000 -0.625000 0.370122
v -0.125000 -0.500000 0.356371
v -0.250000 -0.625000 0.305737
v -0.250000 -0.625000 0.305737
v -0.125000 -0.500000 0.356371
v -0.250000 -0.500000 0.317111
v -0.125000 -0.500000 -0.378398
v -0.133849 -0.500000 -0.375000
v -0.125000 -0.434957 -0.375000
v -0.125000 -0.434957 -0.375000
v -0.133849 -0.500000 -0.375000
v -0.250000 -0.500000 -0.309103
v -0.125000 -0.434957 -0.375000
v -0.250000 -0.500000 -0.309103
v -0.125000 -0.375000 -0.371973
v -0.125000 -0.375000 -0.371973
v -0.250000 -0.500000 -0.309103
v -0.250000 -0.375000 -0.317734
v -0.125000 -0.500000 0.356371
v -0.125000 -0.375000 0.366218
v -0.250000 -0.500000 0.317111
v -0.250000 -0.500000 0.317111
v -0.125000 -0.375000 0.366218
v -0.250000 -0.375000 0.304185
v -0.125000 -0.358374 -0.375000
v -0.169429 -0.250000 -0.375000
v -0.125000 -0.250000 -0.392605
v -0.169429 -0.250000 -0.375000
v -0.125000 -0.358374 -0.375000
v -0.125000 -0.375000 -0.371973
v -0.169429 -0.250000 -0.375000
v -0.125000 -0.375000 -0.371973
v -0.250000 -0.250000 -0.310947
v -0.250000 -0.250000 -0.310947
v -0.125000 -0.375000 -0.371973
v -0.250000 -0.375000 -0.317734
v -0.125000 -0.266869 0.375000
v -0.130483 -0.250000 0.375000
v -0.250000 -0.250000 0.315736
v -0.125000 -0.266869 0.375000
v -0.250000 -0.250000 0.315736
v -0.125000 -0.375000 0.366218
v -0.125000 -0.375000 0.366218
v -0.250000 -0.250000 0.315736
v -0.250000 -0.375000 0.304185
v -0.125000 -0.266869 0.375000
v -0.125000 -0.250000 0.376818
v -0.130483 -0.250000 0.375000
v -0.125000 -0.250000 -0.392605
v -0.137366 -0.125000 -0.375000
v -0.125000 -0.125000 -0.380080
v -0.169429 -0.250000 -0.375000
v -0.137366 -0.125000 -0.375000
v -0.125000 -0.250000 -0.392605
v -0.137366 -0.125000 -0.375000
v -0.169429 -0.250000 -0.375000
v -0.250000 -0.250000 -0.310947
v -0.250000 -0.125000 -0.331757
v -0.137366 -0.125000 -0.375000
v -0.250000 -0.250000 -0.310947
v -0.250000 -0.125000 0.313464
v -0.250000 -0.250000 0.315736
v -0.130483 -0.250000 0.375000
v -0.137019 -0.125000 0.375000
v -0.250000 -0.125000 0.313464
v -0.130483 -0.250000 0.375000
v -0.130483 -0.250000 0.375000
v -0.125000 -0.125000 0.380145
v -0.137019 -0.125000 0.375000
v -0.125000 -0.250000 0.376818
v -0.125000 -0.125000 0.380145
v -0.130483 -0.250000 0.375000
v -0.125000 -0.125000 -0.380080
v -0.145974 0.000000 -0.375000
v -0.125000 0.000000 -0.383298
v -0.137366 -0.125000 -0.375000
v -0.145974 0.000000 -0.375000
v -0.125000 -0.125000 -0.380080
v -0.145974 0.000000 -0.375000
v -0.137366 -0.125000 -0.375000
v -0.250000 -0.125000 -0.331757
v -0.250000 0.000000 -0.321655
v -0.145974 0.000000 -0.375000
v -0.250000 -0.125000 -0.331757
v -0.250000 0.000000 0.303578
v -0.250000 -0.125000 0.313464
v -0.137019 -0.125000 0.375000
v -0.141107 0.000000 0.375000
v -0.250000 0.000000 0.303578
v -0.137019 -0.125000 0.375000
v -0.137019 -0.125000 0.375000
v -0.125000 0.000000 0.384112
v -0.141107 0.000000 0.375000
v -0.125000 -0.125000 0.380145
v -0.125000 0.000000 0.384112
v -0.137019 -0.125000 0.375000
v -0.125000 0.000000 -0.383298
v -0.145974 0.000000 -0.375000
v -0.125000 0.051804 -0.375000
v -0.125000 0.051804 -0.375000
v -0.145974 0.000000 -0.375000
v -0.250000 0.000000 -0.321655
v -0.125000 0.051804 -0.375000
v -0.250000 0.000000 -0.321655
v -0.125000 0.125000 -0.366216
v -0.125000 0.125000 -0.366216
v -0.250000 0.000000 -0.321655
v -0.250000 0.125000 -0.326395
v -0.141107 0.000000 0.375000
v -0.125000 0.067265 0.375000
v -0.125000 0.125000 0.367395
v -0.141107 0.000000 0.375000
v -0.125000 0.125000 0.367395
v -0.250000 0.000000 0.303578
v -0.250000 0.000000 0.303578
v -0.125000 0.125000 0.367395
v -0.250000 0.125000 0.302869
v -0.141107 0.000000 0.375000
v -0.125000 0.000000 0.384112
v -0.125000 0.067265 0.375000
v -0.125000 0.221728 -0.375000
v -0.131075 0.250000 -0.375000
v -0.125000 0.250000 -0.378512
v -0.131075 0.250000 -0.375000
v -0.125000 0.221728 -0.375000
v -0.125000 0.125000 -0.366216
v -0.131075 0.250000 -0.375000
v -0.125000 0.125000 -0.366216
v -0.250000 0.250000 -0.291057
v -0.250000 0.250000 -0.291057
v -0.125000 0.125000 -0.366216
v -0.250000 0.125000 -0.326395
v -0.125000 0.213893 0.375000
v -0.136609 0.250000 0.375000
v -0.250000 0.250000 0.331621
v -0.125000 0.213893 0.375000
v -0.250000 0.250000 0.331621
v -0.125000 0.125000 0.367395
v -0.125000 0.125000 0.367395
v -0.250000 0.250000 0.331621
v -0.250000 0.125000 0.302869
v -0.125000 0.213893 0.375000
v -0.125000 0.250000 0.378379
v -0.136609 0.250000 0.375000
v -0.125000 0.250000 -0.378512
v -0.131075 0.250000 -0.375000
v -0.125000 0.317363 -0.375000
v -0.125000 0.317363 -0.375000
v -0.131075 0.250000 -0.375000
v -0.250000 0.250000 -0.291057
v -0.125000 0.317363 -0.375000
v -0.250000 0.250000 -0.291057
v -0.125000 0.375000 -0.372307
v -0.125000 0.375000 -0.372307
v -0.250000 0.250000 -0.291057
v -0.250000 0.375000 -0.321293
v -0.250000 0.375000 0.331530
v -0.250000 0.250000 0.331621
v -0.136609 0.250000 0.375000
v -0.171399 0.375000 0.375000
v -0.250000 0.375000 0.331530
v -0.136609 0.250000 0.375000
v -0.136609 0.250000 0.375000
v -0.125000 0.375000 0.392785
v -0.171399 0.375000 0.375000
v -0.125000 0.250000 0.378379
v -0.125000 0.375000 0.392785
v -0.136609 0.250000 0.375000
v -0.125000 0.375000 -0.372307
v -0.250000 0.375000 -0.321293
v -0.125000 0.500000 -0.368586
v -0.250000 0.375000 -0.321293
v -0.250000 0.500000 -0.321652
v -0.125000 0.500000 -0.368586
v -0.171399 0.375000 0.375000
v -0.125000 0.486515 0.375000
v -0.125000 0.500000 0.373098
v -0.171399 0.375000 0.375000
v -0.125000 0.500000 0.373098
v -0.250000 0.375000 0.331530
v -0.250000 0.375000 0.331530
v -0.125000 0.500000 0.373098
v -0.250000 0.500000 0.316582
v -0.171399 0.375000 0.375000
v -0.125000 0.375000 0.392785
v -0.125000 0.486515 0.375000
v -0.125000 0.500000 -0.368586
v -0.250000 0.500000 -0.321652
v -0.125000 0.625000 -0.350214
v -0.250000 0.500000 -0.321652
v -0.250000 0.625000 -0.342723
v -0.125000 0.625000 -0.350214
v -0.125000 0.500000 0.373098
v -0.125000 0.625000 0.348671
v -0.250000 0.500000 0.316582
v -0.250000 0.500000 0.316582
v -0.125000 0.625000 0.348671
v -0.250000 0.625000 0.270807
v -0.125000 0.625000 -0.350214
v -0.250000 0.625000 -0.342723
v -0.125000 0.750000 -0.308864
v -0.250000 0.625000 -0.342723
v -0.250000 0.750000 -0.359776
v -0.125000 0.750000 -0.308864
v -0.250000 0.750000 0.150127
v -0.250000 0.664428 0.250000
v -0.142071 0.750000 0.250000
v -0.250000 0.664428 0.250000
v -0.125000 0.750000 0.260620
v -0.142071 0.750000 0.250000
v -0.250000 0.664428 0.250000
v -0.250000 0.625000 0.270807
v -0.125000 0.750000 0.260620
v -0.250000 0.625000 0.270807
v -0.125000 0.625000 0.348671
v -0.125000 0.750000 0.260620
v -0.125000 0.831313 -0.250000
v -0.250000 0.875000 -0.304943
v -0.177012 0.875000 -0.250000
v -0.125000 0.831313 -0.250000
v -0.125000 0.750000 -0.308864
v -0.250000 0.875000 -0.304943
v -0.125000 0.750000 -0.308864
v -0.250000 0.750000 -0.359776
v -0.250000 0.875000 -0.304943
v -0.125000 0.866842 -0.125000
v -0.125000 0.831313 -0.250000
v -0.177012 0.875000 -0.250000
v -0.154728 0.875000 -0.125000
v -0.125000 0.866842 -0.125000
v -0.177012 0.875000 -0.250000
v -0.176840 0.875000 0.000000
v -0.125000 0.875000 -0.086846
v -0.125000 0.866842 -0.125000
v -0.176840 0.875000 0.000000
v -0.125000 0.866842 -0.125000
v -0.250000 0.847369 0.000000
v -0.154728 0.875000 -0.125000
v -0.250000 0.875000 -0.062574
v -0.125000 0.866842 -0.125000
v -0.250000 0.875000 -0.062574
v -0.250000 0.847369 0.000000
v -0.125000 0.866842 -0.125000
v -0.125000 0.875000 0.061287
v -0.176840 0.875000 0.000000
v -0.250000 0.847369 0.000000
v -0.125000 0.875000 0.061287
v -0.250000 0.847369 0.000000
v -0.125000 0.858975 0.125000
v -0.125000 0.858975 0.125000
v -0.250000 0.847369 0.000000
v -0.250000 0.762956 0.125000
v -0.142071 0.750000 0.250000
v -0.250000 0.762956 0.125000
v -0.250000 0.750000 0.150127
v -0.142071 0.750000 0.250000
v -0.125000 0.759523 0.250000
v -0.250000 0.762956 0.125000
v -0.125000 0.759523 0.250000
v -0.125000 0.858975 0.125000
v -0.250000 0.762956 0.125000
v -0.142071 0.750000 0.250000
v -0.125000 0.750000 0.260620
v -0.125000 0.759523 0.250000
v -0.250000 0.875000 -0.304943
v -0.250000 0.922593 -0.250000
v -0.177012 0.875000 -0.250000
v -0.177012 0.875000 -0.250000
v -0.250000 0.916083 -0.125000
v -0.154728 0.875000 -0.125000
v -0.250000 0.922593 -0.250000
v -0.250000 0.916083 -0.125000
v -0.177012 0.875000 -0.250000
v -0.154728 0.875000 -0.125000
v -0.250000 0.916083 -0.125000
v -0.250000 0.875000 -0.062574
v -0.125000 0.875000 -0.086846
v -0.176840 0.875000 0.000000
v -0.125000 0.889336 0.000000
v -0.176840 0.875000 0.000000
v -0.125000 0.875000 0.061287
v -0.125000 0.889336 0.000000
v 0.000000 -1.375098 -0.125000
v -0.000424 -1.375000 -0.125000
v 0.000000 -1.375000 -0.125206
v -0.000424 -1.375000 -0.125000
v -0.125000 -1.391894 0.000000
v -0.125000 -1.375000 -0.047194
v -0.000424 -1.375000 -0.125000
v 0.000000 -1.375098 -0.125000
v -0.125000 -1.391894 0.000000
v 0.000000 -1.375098 -0.125000
v 0.000000 -1.392709 0.000000
v -0.125000 -1.391894 0.000000
v -0.125000 -1.375000 0.091535
v 0.000000 -1.377462 0.125000
v -0.033817 -1.375000 0.125000
v -0.125000 -1.375000 0.091535
v -0.125000 -1.391894 0.000000
v 0.000000 -1.377462 0.125000
v -0.125000 -1.391894 0.000000
v 0.000000 -1.392709 0.000000
v 0.000000 -1.377462 0.125000
v 0.000000 -1.377462 0.125000
v 0.000000 -1.375000 0.131074
v -0.033817 -1.375000 0.125000
v -0.125000 -1.279475 -0.250000
v 0.000000 -1.250000 -0.293659
v 0.000000 -1.293782 -0.250000
v -0.125000 -1.250000 -0.281354
v 0.000000 -1.250000 -0.293659
v -0.125000 -1.279475 -0.250000
v 0.000000 -1.375000 -0.125206
v -0.000424 -1.375000 -0.125000
v -0.125000 -1.346267 -0.125000
v 0.000000 -1.375000 -0.125206
v -0.125000 -1.346267 -0.125000
v 0.000000 -1.293782 -0.250000
v 0.000000 -1.293782 -0.250000
v -0.125000 -1.346267 -0.125000
v -0.125000 -1.279475 -0.250000
v -0.000424 -1.375000 -0.125000
v -0.125000 -1.375000 -0.047194
v -0.125000 -1.346267 -0.125000
v -0.125000 -1.375000 0.091535
v -0.033817 -1.375000 0.125000
v -0.125000 -1.366436 0.125000
v -0.033817 -1.375000 0.125000
v 0.000000 -1.375000 0.131074
v 0.000000 -1.303764 0.250000
v -0.033817 -1.375000 0.125000
v 0.000000 -1.303764 0.250000
v -0.125000 -1.366436 0.125000
v -0.125000 -1.366436 0.125000
v 0.000000 -1.303764 0.250000
v -0.125000 -1.269971 0.250000
v 0.000000 -1.303764 0.250000
v -0.125000 -1.250000 0.265432
v -0.125000 -1.269971 0.250000
v 0.000000 -1.250000 0.303742
v -0.125000 -1.250000 0.265432
v 0.000000 -1.303764 0.250000
v 0.000000 -1.158876 -0.375000
v -0.091986 -1.125000 -0.375000
v 0.000000 -1.125000 -0.393824
v -0.091986 -1.125000 -0.375000
v 0.000000 -1.158876 -0.375000
v 0.000000 -1.250000 -0.293659
v -0.091986 -1.125000 -0.375000
v 0.000000 -1.250000 -0.293659
v -0.125000 -1.125000 -0.366534
v -0.125000 -1.125000 -0.366534
v 0.000000 -1.250000 -0.293659
v -0.125000 -1.250000 -0.281354
v 0.000000 -1.250000 0.303742
v 0.000000 -1.125000 0.368943
v -0.125000 -1.250000 0.265432
v -0.125000 -1.250000 0.265432
v 0.000000 -1.125000 0.368943
v -0.125000 -1.125000 0.356486
v -0.125000 -1.018545 -0.375000
v 0.000000 -1.125000 -0.393824
v -0.091986 -1.125000 -0.375000
v -0.125000 -1.018545 -0.375000
v -0.125000 -1.000000 -0.376333
v 0.000000 -1.125000 -0.393824
v -0.125000 -1.000000 -0.376333
v 0.000000 -1.000000 -0.396357
v 0.000000 -1.125000 -0.393824
v -0.091986 -1.125000 -0.375000
v -0.125000 -1.125000 -0.366534
v -0.125000 -1.018545 -0.375000
v 0.000000 -1.103865 0.375000
v -0.074251 -1.000000 0.375000
v -0.125000 -1.000000 0.357241
v 0.000000 -1.103865 0.375000
v -0.125000 -1.000000 0.357241
v 0.000000 -1.125000 0.368943
v 0.000000 -1.125000 0.368943
v -0.125000 -1.000000 0.357241
v -0.125000 -1.125000 0.356486
v 0.000000 -1.103865 0.375000
v 0.000000 -1.000000 0.399170
v -0.074251 -1.000000 0.375000
v -0.125000 -1.000000 -0.376333
v 0.000000 -0.897485 -0.375000
v 0.000000 -1.000000 -0.396357
v -0.125000 -0.974045 -0.375000
v 0.000000 -0.897485 -0.375000
v -0.125000 -1.000000 -0.376333
v 0.000000 -0.897485 -0.375000
v -0.125000 -0.974045 -0.375000
v -0.125000 -0.875000 -0.369126
v 0.000000 -0.875000 -0.371316
v 0.000000 -0.897485 -0.375000
v -0.125000 -0.875000 -0.369126
v -0.125000 -1.000000 0.357241
v -0.074251 -1.000000 0.375000
v -0.125000 -0.918618 0.375000
v -0.074251 -1.000000 0.375000
v -0.125000 -0.875000 0.384960
v -0.125000 -0.918618 0.375000
v -0.074251 -1.000000 0.375000
v 0.000000 -1.000000 0.399170
v -0.125000 -0.875000 0.384960
v 0.000000 -1.000000 0.399170
v 0.000000 -0.875000 0.415831
v -0.125000 -0.875000 0.384960
v 0.000000 -0.851349 -0.375000
v -0.074423 -0.750000 -0.375000
v 0.000000 -0.750000 -0.393445
v -0.074423 -0.750000 -0.375000
v 0.000000 -0.851349 -0.375000
v 0.000000 -0.875000 -0.371316
v -0.074423 -0.750000 -0.375000
v 0.000000 -0.875000 -0.371316
v -0.125000 -0.750000 -0.363323
v -0.125000 -0.750000 -0.363323
v 0.000000 -0.875000 -0.371316
v -0.125000 -0.875000 -0.369126
v -0.125000 -0.750000 0.373485
v -0.125000 -0.765792 0.375000
v -0.116301 -0.750000 0.375000
v -0.125000 -0.765792 0.375000
v 0.000000 -0.750000 0.397900
v -0.116301 -0.750000 0.375000
v -0.125000 -0.765792 0.375000
v -0.125000 -0.875000 0.384960
v 0.000000 -0.750000 0.397900
v -0.125000 -0.875000 0.384960
v 0.000000 -0.875000 0.415831
v 0.000000 -0.750000 0.397900
v -0.125000 -0.639235 -0.375000
v 0.000000 -0.750000 -0.393445
v -0.074423 -0.750000 -0.375000
v -0.125000 -0.639235 -0.375000
v -0.125000 -0.625000 -0.376964
v 0.000000 -0.750000 -0.393445
v -0.125000 -0.625000 -0.376964
v 0.000000 -0.625000 -0.394104
v 0.000000 -0.750000 -0.393445
v -0.074423 -0.750000 -0.375000
v -0.125000 -0.750000 -0.363323
v -0.125000 -0.639235 -0.375000
v -0.125000 -0.625000 0.370122
v -0.125000 -0.750000 0.373485
v -0.116301 -0.750000 0.375000
v -0.104040 -0.625000 0.375000
v -0.125000 -0.625000 0.370122
v -0.116301 -0.750000 0.375000
v -0.116301 -0.750000 0.375000
v 0.000000 -0.625000 0.397831
v -0.104040 -0.625000 0.375000
v 0.000000 -0.750000 0.397900
v 0.000000 -0.625000 0.397831
v -0.116301 -0.750000 0.375000
v 0.000000 -0.625000 -0.394104
v -0.125000 -0.625000 -0.376964
v 0.000000 -0.500000 -0.402176
v -0.125000 -0.625000 -0.376964
v -0.125000 -0.500000 -0.378398
v 0.000000 -0.500000 -0.402176
v -0.125000 -0.500000 0.356371
v -0.125000 -0.625000 0.370122
v -0.104040 -0.625000 0.375000
v -0.052240 -0.500000 0.375000
v -0.125000 -0.500000 0.356371
v -0.104040 -0.625000 0.375000
v -0.104040 -0.625000 0.375000
v 0.000000 -0.500000 0.391629
v -0.052240 -0.500000 0.375000
v 0.000000 -0.625000 0.397831
v 0.000000 -0.500000 0.391629
v -0.104040 -0.625000 0.375000
v -0.102251 -0.375000 -0.375000
v -0.125000 -0.500000 -0.378398
v -0.125000 -0.434957 -0.375000
v -0.102251 -0.375000 -0.375000
v 0.000000 -0.375000 -0.390995
v -0.125000 -0.500000 -0.378398
v 0.000000 -0.375000 -0.390995
v 0.000000 -0.500000 -0.402176
v -0.125000 -0.500000 -0.378398
v -0.102251 -0.375000 -0.375000
v -0.125000 -0.434957 -0.375000
v -0.125000 -0.375000 -0.371973
v -0.125000 -0.375000 0.366218
v -0.125000 -0.500000 0.356371
v -0.052240 -0.500000 0.375000
v -0.072260 -0.375000 0.375000
v -0.125000 -0.375000 0.366218
v -0.052240 -0.500000 0.375000
v -0.052240 -0.500000 0.375000
v 0.000000 -0.375000 0.391257
v -0.072260 -0.375000 0.375000
v 0.000000 -0.500000 0.391629
v 0.000000 -0.375000 0.391257
v -0.052240 -0.500000 0.375000
v -0.125000 -0.358374 -0.375000
v 0.000000 -0.375000 -0.390995
v -0.102251 -0.375000 -0.375000
v -0.125000 -0.358374 -0.375000
v -0.125000 -0.250000 -0.392605
v 0.000000 -0.375000 -0.390995
v -0.125000 -0.250000 -0.392605
v 0.000000 -0.250000 -0.405495
v 0.000000 -0.375000 -0.390995
v -0.102251 -0.375000 -0.375000
v -0.125000 -0.375000 -0.371973
v -0.125000 -0.358374 -0.375000
v -0.125000 -0.375000 0.366218
v -0.072260 -0.375000 0.375000
v -0.125000 -0.266869 0.375000
v -0.072260 -0.375000 0.375000
v -0.125000 -0.250000 0.376818
v -0.125000 -0.266869 0.375000
v -0.072260 -0.375000 0.375000
v 0.000000 -0.375000 0.391257
v -0.125000 -0.250000 0.376818
v 0.000000 -0.375000 0.391257
v 0.000000 -0.250000 0.407756
v -0.125000 -0.250000 0.376818
v 0.000000 -0.250000 -0.405495
v -0.125000 -0.250000 -0.392605
v 0.000000 -0.125000 -0.401521
v -0.125000 -0.250000 -0.392605
v -0.125000 -0.125000 -0.380080
v 0.000000 -0.125000 -0.401521
v 0.000000 -0.250000 0.407756
v 0.000000 -0.125000 0.399010
v -0.125000 -0.250000 0.376818
v -0.125000 -0.250000 0.376818
v 0.000000 -0.125000 0.399010
v -0.125000 -0.125000 0.380145
v 0.000000 -0.125000 -0.401521
v -0.125000 -0.125000 -0.380080
v 0.000000 0.000000 -0.397076
v -0.125000 -0.125000 -0.380080
v -0.125000 0.000000 -0.383298
v 0.000000 0.000000 -0.397076
v 0.000000 -0.125000 0.399010
v 0.000000 0.000000 0.409365
v -0.125000 -0.125000 0.380145
v -0.125000 -0.125000 0.380145
v 0.000000 0.000000 0.409365
v -0.125000 0.000000 0.384112
v -0.100380 0.125000 -0.375000
v -0.125000 0.000000 -0.383298
v -0.125000 0.051804 -0.375000
v -0.100380 0.125000 -0.375000
v 0.000000 0.125000 -0.410829
v -0.125000 0.000000 -0.383298
v 0.000000 0.125000 -0.410829
v 0.000000 0.000000 -0.397076
v -0.125000 0.000000 -0.383298
v -0.100380 0.125000 -0.375000
v -0.125000 0.051804 -0.375000
v -0.125000 0.125000 -0.366216
v -0.125000 0.125000 0.367395
v -0.125000 0.067265 0.375000
v -0.099180 0.125000 0.375000
v -0.125000 0.067265 0.375000
v 0.000000 0.125000 0.406021
v -0.099180 0.125000 0.375000
v -0.125000 0.067265 0.375000
v -0.125000 0.000000 0.384112
v 0.000000 0.125000 0.406021
v -0.125000 0.000000 0.384112
v 0.000000 0.000000 0.409365
v 0.000000 0.125000 0.406021
v -0.125000 0.221728 -0.375000
v 0.000000 0.125000 -0.410829
v -0.100380 0.125000 -0.375000
v -0.125000 0.221728 -0.375000
v -0.125000 0.250000 -0.378512
v 0.000000 0.125000 -0.410829
v -0.125000 0.250000 -0.378512
v 0.000000 0.250000 -0.391067
v 0.000000 0.125000 -0.410829
v -0.100380 0.125000 -0.375000
v -0.125000 0.125000 -0.366216
v -0.125000 0.221728 -0.375000
v -0.125000 0.125000 0.367395
v -0.099180 0.125000 0.375000
v -0.125000 0.213893 0.375000
v -0.099180 0.125000 0.375000
v -0.125000 0.250000 0.378379
v -0.125000 0.213893 0.375000
v -0.099180 0.125000 0.375000
v 0.000000 0.125000 0.406021
v -0.125000 0.250000 0.378379
v 0.000000 0.125000 0.406021
v 0.000000 0.250000 0.393421
v -0.125000 0.250000 0.378379
v -0.111044 0.375000 -0.375000
v -0.125000 0.250000 -0.378512
v -0.125000 0.317363 -0.375000
v -0.111044 0.375000 -0.375000
v 0.000000 0.375000 -0.397242
v -0.125000 0.250000 -0.378512
v 0.000000 0.375000 -0.397242
v 0.000000 0.250000 -0.391067
v -0.125000 0.250000 -0.378512
v -0.111044 0.375000 -0.375000
v -0.125000 0.317363 -0.375000
v -0.125000 0.375000 -0.372307
v 0.000000 0.250000 0.393421
v 0.000000 0.375000 0.401760
v -0.125000 0.250000 0.378379
v -0.125000 0.250000 0.378379
v 0.000000 0.375000 0.401760
v -0.125000 0.375000 0.392785
v 0.000000 0.375000 -0.397242
v -0.101117 0.500000 -0.375000
v 0.000000 0.500000 -0.402889
v -0.111044 0.375000 -0.375000
v -0.101117 0.500000 -0.375000
v 0.000000 0.375000 -0.397242
v -0.101117 0.500000 -0.375000
v -0.111044 0.375000 -0.375000
v -0.125000 0.375000 -0.372307
v -0.125000 0.500000 -0.368586
v -0.101117 0.500000 -0.375000
v -0.125000 0.375000 -0.372307
v -0.125000 0.500000 0.373098
v -0.125000 0.486515 0.375000
v -0.116826 0.500000 0.375000
v -0.125000 0.486515 0.375000
v 0.000000 0.500000 0.398628
v -0.116826 0.500000 0.375000
v -0.125000 0.486515 0.375000
v -0.125000 0.375000 0.392785
v 0.000000 0.500000 0.398628
v -0.125000 0.375000 0.392785
v 0.000000 0.375000 0.401760
v 0.000000 0.500000 0.398628
v 0.000000 0.500000 -0.402889
v -0.068289 0.625000 -0.375000
v 0.000000 0.625000 -0.402117
v -0.101117 0.500000 -0.375000
v -0.068289 0.625000 -0.375000
v 0.000000 0.500000 -0.402889
v -0.068289 0.625000 -0.375000
v -0.101117 0.500000 -0.375000
v -0.125000 0.500000 -0.368586
v -0.125000 0.625000 -0.350214
v -0.068289 0.625000 -0.375000
v -0.125000 0.500000 -0.368586
v -0.125000 0.625000 0.348671
v -0.125000 0.500000 0.373098
v -0.116826 0.500000 0.375000
v -0.007064 0.625000 0.375000
v -0.125000 0.625000 0.348671
v -0.116826 0.500000 0.375000
v -0.116826 0.500000 0.375000
v 0.000000 0.625000 0.377079
v -0.007064 0.625000 0.375000
v 0.000000 0.500000 0.398628
v 0.000000 0.625000 0.377079
v -0.116826 0.500000 0.375000
v 0.000000 0.625000 -0.402117
v -0.068289 0.625000 -0.375000
v 0.000000 0.674383 -0.375000
v 0.000000 0.674383 -0.375000
v -0.068289 0.625000 -0.375000
v -0.125000 0.625000 -0.350214
v 0.000000 0.674383 -0.375000
v -0.125000 0.625000 -0.350214
v 0.000000 0.750000 -0.313073
v 0.000000 0.750000 -0.313073
v -0.125000 0.625000 -0.350214
v -0.125000 0.750000 -0.308864
v -0.007064 0.625000 0.375000
v 0.000000 0.627667 0.375000
v 0.000000 0.750000 0.296783
v -0.007064 0.625000 0.375000
v 0.000000 0.750000 0.296783
v -0.125000 0.625000 0.348671
v -0.125000 0.625000 0.348671
v 0.000000 0.750000 0.296783
v -0.125000 0.750000 0.260620
v -0.007064 0.625000 0.375000
v 0.000000 0.625000 0.377079
v 0.000000 0.627667 0.375000
v -0.125000 0.750000 -0.308864
v 0.000000 0.819487 -0.250000
v 0.000000 0.750000 -0.313073
v -0.125000 0.831313 -0.250000
v 0.000000 0.819487 -0.250000
v -0.125000 0.750000 -0.308864
v -0.082225 0.875000 -0.125000
v 0.000000 0.875000 -0.152680
v 0.000000 0.819487 -0.250000
v -0.082225 0.875000 -0.125000
v 0.000000 0.819487 -0.250000
v -0.125000 0.866842 -0.125000
v -0.125000 0.866842 -0.125000
v 0.000000 0.819487 -0.250000
v -0.125000 0.831313 -0.250000
v -0.082225 0.875000 -0.125000
v -0.125000 0.866842 -0.125000
v -0.125000 0.875000 -0.086846
v -0.125000 0.875000 0.061287
v -0.125000 0.858975 0.125000
v -0.057567 0.875000 0.125000
v 0.000000 0.875000 0.151670
v -0.057567 0.875000 0.125000
v -0.125000 0.858975 0.125000
v 0.000000 0.875000 0.151670
v -0.125000 0.858975 0.125000
v 0.000000 0.810789 0.250000
v 0.000000 0.810789 0.250000
v -0.125000 0.858975 0.125000
v -0.125000 0.759523 0.250000
v 0.000000 0.750000 0.296783
v -0.125000 0.759523 0.250000
v -0.125000 0.750000 0.260620
v 0.000000 0.810789 0.250000
v -0.125000 0.759523 0.250000
v 0.000000 0.750000 0.296783
v 0.000000 0.875000 -0.152680
v -0.082225 0.875000 -0.125000
v 0.000000 0.886214 -0.125000
v -0.125000 0.875000 -0.086846
v 0.000000 0.886214 -0.125000
v -0.082225 0.875000 -0.125000
v -0.125000 0.875000 -0.086846
v -0.125000 0.889336 0.000000
v 0.000000 0.886214 -0.125000
v -0.125000 0.889336 0.000000
v 0.000000 0.907337 0.000000
v 0.000000 0.886214 -0.125000
v -0.057567 0.875000 0.125000
v -0.125000 0.889336 0.000000
v -0.125000 0.875000 0.061287
v -0.057567 0.875000 0.125000
v 0.000000 0.888664 0.125000
v -0.125000 0.889336 0.000000
v 0.000000 0.888664 0.125000
v 0.000000 0.907337 0.000000
v -0.125000 0.889336 0.000000
v -0.057567 0.875000 0.125000
v 0.000000 0.875000 0.151670
v 0.000000 0.888664 0.125000
v 0.000000 -1.375000 -0.125206
v 0.000391 -1.375000 -0.125000
v 0.000000 -1.375098 -0.125000
v 0.125000 -1.375000 -0.052301
v 0.000000 -1.375098 -0.125000
v 0.000391 -1.375000 -0.125000
v 0.125000 -1.375000 -0.052301
v 0.125000 -1.396895 0.000000
v 0.000000 -1.375098 -0.125000
v 0.125000 -1.396895 0.000000
v 0.000000 -1.392709 0.000000
v 0.000000 -1.375098 -0.125000
v 0.016162 -1.375000 0.125000
v 0.125000 -1.396895 0.000000
v 0.125000 -1.375000 0.073122
v 0.016162 -1.375000 0.125000
v 0.000000 -1.377462 0.125000
v 0.125000 -1.396895 0.000000
v 0.000000 -1.377462 0.125000
v 0.000000 -1.392709 0.000000
v 0.125000 -1.396895 0.000000
v 0.016162 -1.375000 0.125000
v 0.000000 -1.375000 0.131074
v 0.000000 -1.377462 0.125000
v 0.000000 -1.293782 -0.250000
v 0.125000 -1.250000 -0.267058
v 0.125000 -1.275904 -0.250000
v 0.000000 -1.250000 -0.293659
v 0.125000 -1.250000 -0.267058
v 0.000000 -1.293782 -0.250000
v 0.000391 -1.375000 -0.125000
v 0.000000 -1.375000 -0.125206
v 0.000000 -1.293782 -0.250000
v 0.000391 -1.375000 -0.125000
v 0.000000 -1.293782 -0.250000
v 0.125000 -1.338044 -0.125000
v 0.125000 -1.338044 -0.125000
v 0.000000 -1.293782 -0.250000
v 0.125000 -1.275904 -0.250000
v 0.000391 -1.375000 -0.125000
v 0.125000 -1.338044 -0.125000
v 0.125000 -1.375000 -0.052301
v 0.125000 -1.375000 0.073122
v 0.125000 -1.355276 0.125000
v 0.016162 -1.375000 0.125000
v 0.000000 -1.375000 0.131074
v 0.016162 -1.375000 0.125000
v 0.125000 -1.355276 0.125000
v 0.000000 -1.375000 0.131074
v 0.125000 -1.355276 0.125000
v 0.000000 -1.303764 0.250000
v 0.000000 -1.303764 0.250000
v 0.125000 -1.355276 0.125000
v 0.125000 -1.282409 0.250000
v 0.125000 -1.282409 0.250000
v 0.000000 -1.250000 0.303742
v 0.000000 -1.303764 0.250000
v 0.125000 -1.250000 0.277680
v 0.000000 -1.250000 0.303742
v 0.125000 -1.282409 0.250000
v 0.000000 -1.125000 -0.393824
v 0.108617 -1.125000 -0.375000
v 0.000000 -1.158876 -0.375000
v 0.000000 -1.158876 -0.375000
v 0.108617 -1.125000 -0.375000
v 0.125000 -1.125000 -0.368592
v 0.000000 -1.158876 -0.375000
v 0.125000 -1.125000 -0.368592
v 0.000000 -1.250000 -0.293659
v 0.000000 -1.250000 -0.293659
v 0.125000 -1.125000 -0.368592
v 0.125000 -1.250000 -0.267058
v 0.125000 -1.250000 0.277680
v 0.125000 -1.125000 0.345618
v 0.000000 -1.250000 0.303742
v 0.000000 -1.250000 0.303742
v 0.125000 -1.125000 0.345618
v 0.000000 -1.125000 0.368943
v 0.108617 -1.125000 -0.375000
v 0.125000 -1.000000 -0.378058
v 0.125000 -1.054474 -0.375000
v 0.108617 -1.125000 -0.375000
v 0.000000 -1.125000 -0.393824
v 0.125000 -1.000000 -0.378058
v 0.000000 -1.125000 -0.393824
v 0.000000 -1.000000 -0.396357
v 0.125000 -1.000000 -0.378058
v 0.108617 -1.125000 -0.375000
v 0.125000 -1.054474 -0.375000
v 0.125000 -1.125000 -0.368592
v 0.000000 -1.125000 0.368943
v 0.125000 -1.125000 0.345618
v 0.125000 -1.067027 0.375000
v 0.000000 -1.103865 0.375000
v 0.000000 -1.125000 0.368943
v 0.125000 -1.067027 0.375000
v 0.125000 -1.067027 0.375000
v 0.000000 -1.000000 0.399170
v 0.000000 -1.103865 0.375000
v 0.125000 -1.000000 0.399518
v 0.000000 -1.000000 0.399170
v 0.125000 -1.067027 0.375000
v 0.000000 -1.000000 -0.396357
v 0.125000 -0.970479 -0.375000
v 0.125000 -1.000000 -0.378058
v 0.000000 -0.897485 -0.375000
v 0.125000 -0.970479 -0.375000
v 0.000000 -1.000000 -0.396357
v 0.125000 -0.970479 -0.375000
v 0.000000 -0.897485 -0.375000
v 0.000000 -0.875000 -0.371316
v 0.125000 -0.875000 -0.366927
v 0.125000 -0.970479 -0.375000
v 0.000000 -0.875000 -0.371316
v 0.125000 -1.000000 0.399518
v 0.125000 -0.875000 0.401768
v 0.000000 -1.000000 0.399170
v 0.000000 -1.000000 0.399170
v 0.125000 -0.875000 0.401768
v 0.000000 -0.875000 0.415831
v 0.000000 -0.851349 -0.375000
v 0.125000 -0.750000 -0.385152
v 0.125000 -0.814637 -0.375000
v 0.000000 -0.750000 -0.393445
v 0.125000 -0.750000 -0.385152
v 0.000000 -0.851349 -0.375000
v 0.125000 -0.875000 -0.366927
v 0.000000 -0.875000 -0.371316
v 0.000000 -0.851349 -0.375000
v 0.125000 -0.814637 -0.375000
v 0.125000 -0.875000 -0.366927
v 0.000000 -0.851349 -0.375000
v 0.125000 -0.751998 0.375000
v 0.125000 -0.750000 0.374474
v 0.121826 -0.750000 0.375000
v 0.121826 -0.750000 0.375000
v 0.125000 -0.875000 0.401768
v 0.125000 -0.751998 0.375000
v 0.121826 -0.750000 0.375000
v 0.000000 -0.750000 0.397900
v 0.125000 -0.875000 0.401768
v 0.000000 -0.750000 0.397900
v 0.000000 -0.875000 0.415831
v 0.125000 -0.875000 0.401768
v 0.125000 -0.750000 -0.385152
v 0.000000 -0.750000 -0.393445
v 0.125000 -0.625000 -0.382522
v 0.000000 -0.750000 -0.393445
v 0.000000 -0.625000 -0.394104
v 0.125000 -0.625000 -0.382522
v 0.125000 -0.750000 0.374474
v 0.125000 -0.625000 0.374134
v 0.121458 -0.625000 0.375000
v 0.121826 -0.750000 0.375000
v 0.125000 -0.750000 0.374474
v 0.121458 -0.625000 0.375000
v 0.121458 -0.625000 0.375000
v 0.000000 -0.750000 0.397900
v 0.121826 -0.750000 0.375000
v 0.000000 -0.625000 0.397831
v 0.000000 -0.750000 0.397900
v 0.121458 -0.625000 0.375000
v 0.125000 -0.524580 -0.375000
v 0.000000 -0.500000 -0.402176
v 0.117163 -0.500000 -0.375000
v 0.125000 -0.524580 -0.375000
v 0.125000 -0.625000 -0.382522
v 0.000000 -0.500000 -0.402176
v 0.125000 -0.625000 -0.382522
v 0.000000 -0.625000 -0.394104
v 0.000000 -0.500000 -0.402176
v 0.125000 -0.524580 -0.375000
v 0.117163 -0.500000 -0.375000
v 0.125000 -0.500000 -0.372870
v 0.125000 -0.625000 0.374134
v 0.125000 -0.615417 0.375000
v 0.121458 -0.625000 0.375000
v 0.125000 -0.615417 0.375000
v 0.000000 -0.625000 0.397831
v 0.121458 -0.625000 0.375000
v 0.125000 -0.615417 0.375000
v 0.125000 -0.500000 0.385125
v 0.000000 -0.625000 0.397831
v 0.125000 -0.500000 0.385125
v 0.000000 -0.500000 0.391629
v 0.000000 -0.625000 0.397831
v 0.000000 -0.375000 -0.390995
v 0.117163 -0.500000 -0.375000
v 0.000000 -0.500000 -0.402176
v 0.057408 -0.375000 -0.375000
v 0.117163 -0.500000 -0.375000
v 0.000000 -0.375000 -0.390995
v 0.117163 -0.500000 -0.375000
v 0.057408 -0.375000 -0.375000
v 0.125000 -0.375000 -0.363423
v 0.125000 -0.500000 -0.372870
v 0.117163 -0.500000 -0.375000
v 0.125000 -0.375000 -0.363423
v 0.125000 -0.500000 0.385125
v 0.125000 -0.375000 0.395104
v 0.000000 -0.500000 0.391629
v 0.000000 -0.500000 0.391629
v 0.125000 -0.375000 0.395104
v 0.000000 -0.375000 0.391257
v 0.057408 -0.375000 -0.375000
v 0.125000 -0.250000 -0.390392
v 0.125000 -0.317117 -0.375000
v 0.057408 -0.375000 -0.375000
v 0.000000 -0.375000 -0.390995
v 0.125000 -0.250000 -0.390392
v 0.000000 -0.375000 -0.390995
v 0.000000 -0.250000 -0.405495
v 0.125000 -0.250000 -0.390392
v 0.057408 -0.375000 -0.375000
v 0.125000 -0.317117 -0.375000
v 0.125000 -0.375000 -0.363423
v 0.125000 -0.375000 0.395104
v 0.125000 -0.250000 0.383757
v 0.000000 -0.375000 0.391257
v 0.000000 -0.375000 0.391257
v 0.125000 -0.250000 0.383757
v 0.000000 -0.250000 0.407756
v 0.125000 -0.153033 -0.375000
v 0.000000 -0.125000 -0.401521
v 0.107635 -0.125000 -0.375000
v 0.125000 -0.153033 -0.375000
v 0.125000 -0.250000 -0.390392
v 0.000000 -0.125000 -0.401521
v 0.125000 -0.250000 -0.390392
v 0.000000 -0.250000 -0.405495
v 0.000000 -0.125000 -0.401521
v 0.125000 -0.153033 -0.375000
v 0.107635 -0.125000 -0.375000
v 0.125000 -0.125000 -0.370370
v 0.125000 -0.250000 0.383757
v 0.125000 -0.125000 0.397173
v 0.000000 -0.250000 0.407756
v 0.000000 -0.250000 0.407756
v 0.125000 -0.125000 0.397173
v 0.000000 -0.125000 0.399010
v 0.107635 -0.125000 -0.375000
v 0.125000 0.000000 -0.379864
v 0.125000 -0.057694 -0.375000
v 0.107635 -0.125000 -0.375000
v 0.000000 -0.125000 -0.401521
v 0.125000 0.000000 -0.379864
v 0.000000 -0.125000 -0.401521
v 0.000000 0.000000 -0.397076
v 0.125000 0.000000 -0.379864
v 0.107635 -0.125000 -0.375000
v 0.125000 -0.057694 -0.375000
v 0.125000 -0.125000 -0.370370
v 0.125000 -0.125000 0.397173
v 0.125000 0.000000 0.389804
v 0.000000 -0.125000 0.399010
v 0.000000 -0.125000 0.399010
v 0.125000 0.000000 0.389804
v 0.000000 0.000000 0.409365
v 0.125000 0.000000 -0.379864
v 0.000000 0.000000 -0.397076
v 0.125000 0.125000 -0.399691
v 0.000000 0.000000 -0.397076
v 0.000000 0.125000 -0.410829
v 0.125000 0.125000 -0.399691
v 0.125000 0.000000 0.389804
v 0.125000 0.125000 0.382967
v 0.000000 0.000000 0.409365
v 0.000000 0.000000 0.409365
v 0.125000 0.125000 0.382967
v 0.000000 0.125000 0.406021
v 0.125000 0.125000 -0.399691
v 0.000000 0.125000 -0.410829
v 0.125000 0.250000 -0.384501
v 0.000000 0.125000 -0.410829
v 0.000000 0.250000 -0.391067
v 0.125000 0.250000 -0.384501
v 0.125000 0.125000 0.382967
v 0.125000 0.250000 0.387194
v 0.000000 0.125000 0.406021
v 0.000000 0.125000 0.406021
v 0.125000 0.250000 0.387194
v 0.000000 0.250000 0.393421
v 0.125000 0.317606 -0.375000
v 0.000000 0.375000 -0.397242
v 0.093494 0.375000 -0.375000
v 0.125000 0.317606 -0.375000
v 0.125000 0.250000 -0.384501
v 0.000000 0.375000 -0.397242
v 0.125000 0.250000 -0.384501
v 0.000000 0.250000 -0.391067
v 0.000000 0.375000 -0.397242
v 0.125000 0.317606 -0.375000
v 0.093494 0.375000 -0.375000
v 0.125000 0.375000 -0.368601
v 0.125000 0.250000 0.387194
v 0.125000 0.375000 0.384205
v 0.000000 0.250000 0.393421
v 0.000000 0.250000 0.393421
v 0.125000 0.375000 0.384205
v 0.000000 0.375000 0.401760
v 0.093494 0.375000 -0.375000
v 0.125000 0.500000 -0.391118
v 0.125000 0.409758 -0.375000
v 0.093494 0.375000 -0.375000
v 0.000000 0.375000 -0.397242
v 0.125000 0.500000 -0.391118
v 0.000000 0.375000 -0.397242
v 0.000000 0.500000 -0.402889
v 0.125000 0.500000 -0.391118
v 0.093494 0.375000 -0.375000
v 0.125000 0.409758 -0.375000
v 0.125000 0.375000 -0.368601
v 0.125000 0.375000 0.384205
v 0.125000 0.500000 0.386731
v 0.000000 0.375000 0.401760
v 0.000000 0.375000 0.401760
v 0.125000 0.500000 0.386731
v 0.000000 0.500000 0.398628
v 0.125000 0.572076 -0.375000
v 0.000000 0.625000 -0.402117
v 0.090047 0.625000 -0.375000
v 0.125000 0.572076 -0.375000
v 0.125000 0.500000 -0.391118
v 0.000000 0.625000 -0.402117
v 0.125000 0.500000 -0.391118
v 0.000000 0.500000 -0.402889
v 0.000000 0.625000 -0.402117
v 0.125000 0.572076 -0.375000
v 0.090047 0.625000 -0.375000
v 0.125000 0.625000 -0.357230
v 0.125000 0.544960 0.375000
v 0.125000 0.625000 0.355394
v 0.009400 0.625000 0.375000
v 0.009400 0.625000 0.375000
v 0.125000 0.500000 0.386731
v 0.125000 0.544960 0.375000
v 0.009400 0.625000 0.375000
v 0.000000 0.625000 0.377079
v 0.125000 0.500000 0.386731
v 0.000000 0.625000 0.377079
v 0.000000 0.500000 0.398628
v 0.125000 0.500000 0.386731
v 0.000000 0.625000 -0.402117
v 0.000000 0.674383 -0.375000
v 0.090047 0.625000 -0.375000
v 0.090047 0.625000 -0.375000
v 0.000000 0.674383 -0.375000
v 0.000000 0.750000 -0.313073
v 0.090047 0.625000 -0.375000
v 0.000000 0.750000 -0.313073
v 0.125000 0.625000 -0.357230
v 0.125000 0.625000 -0.357230
v 0.000000 0.750000 -0.313073
v 0.125000 0.750000 -0.274973
v 0.000000 0.627667 0.375000
v 0.009400 0.625000 0.375000
v 0.125000 0.625000 0.355394
v 0.000000 0.627667 0.375000
v 0.125000 0.625000 0.355394
v 0.000000 0.750000 0.296783
v 0.000000 0.750000 0.296783
v 0.125000 0.625000 0.355394
v 0.125000 0.750000 0.280105
v 0.009400 0.625000 0.375000
v 0.000000 0.627667 0.375000
v 0.000000 0.625000 0.377079
v 0.000000 0.750000 -0.313073
v 0.125000 0.774169 -0.250000
v 0.125000 0.750000 -0.274973
v 0.000000 0.819487 -0.250000
v 0.125000 0.774169 -0.250000
v 0.000000 0.750000 -0.313073
v 0.000000 0.875000 -0.152680
v 0.111780 0.875000 -0.125000
v 0.125000 0.873403 -0.125000
v 0.000000 0.875000 -0.152680
v 0.125000 0.873403 -0.125000
v 0.000000 0.819487 -0.250000
v 0.000000 0.819487 -0.250000
v 0.125000 0.873403 -0.125000
v 0.125000 0.774169 -0.250000
v 0.125000 0.867605 0.000000
v 0.125000 0.873403 -0.125000
v 0.111780 0.875000 -0.125000
v 0.102413 0.875000 0.000000
v 0.125000 0.867605 0.000000
v 0.111780 0.875000 -0.125000
v 0.125000 0.860075 0.125000
v 0.125000 0.867605 0.000000
v 0.102413 0.875000 0.000000
v 0.067017 0.875000 0.125000
v 0.125000 0.860075 0.125000
v 0.102413 0.875000 0.000000
v 0.067017 0.875000 0.125000
v 0.000000 0.875000 0.151670
v 0.000000 0.810789 0.250000
v 0.067017 0.875000 0.125000
v 0.000000 0.810789 0.250000
v 0.125000 0.860075 0.125000
v 0.125000 0.860075 0.125000
v 0.000000 0.810789 0.250000
v 0.125000 0.781038 0.250000
v 0.125000 0.750000 0.280105
v 0.000000 0.810789 0.250000
v 0.000000 0.750000 0.296783
v 0.125000 0.781038 0.250000
v 0.000000 0.810789 0.250000
v 0.125000 0.750000 0.280105
v 0.000000 0.875000 -0.152680
v 0.000000 0.886214 -0.125000
v 0.111780 0.875000 -0.125000
v 0.111780 0.875000 -0.125000
v 0.000000 0.907337 0.000000
v 0.102413 0.875000 0.000000
v 0.000000 0.886214 -0.125000
v 0.000000 0.907337 0.000000
v 0.111780 0.875000 -0.125000
v 0.102413 0.875000 0.000000
v 0.000000 0.888664 0.125000
v 0.067017 0.875000 0.125000
v 0.000000 0.907337 0.000000
v 0.000000 0.888664 0.125000
v 0.102413 0.875000 0.000000
v 0.067017 0.875000 0.125000
v 0.000000 0.888664 0.125000
v 0.000000 0.875000 0.151670
v 0.125000 -1.375000 -0.052301
v 0.165015 -1.375000 0.000000
v 0.125000 -1.396895 0.000000
v 0.165015 -1.375000 0.000000
v 0.125000 -1.375000 0.073122
v 0.125000 -1.396895 0.000000
v 0.125000 -1.250000 -0.267058
v 0.151319 -1.250000 -0.250000
v 0.125000 -1.275904 -0.250000
v 0.248074 -1.250000 -0.125000
v 0.125000 -1.275904 -0.250000
v 0.151319 -1.250000 -0.250000
v 0.125000 -1.338044 -0.125000
v 0.125000 -1.275904 -0.250000
v 0.248074 -1.250000 -0.125000
v 0.165015 -1.375000 0.000000
v 0.250000 -1.250000 -0.122463
v 0.250000 -1.317614 0.000000
v 0.125000 -1.375000 -0.052301
v 0.250000 -1.250000 -0.122463
v 0.165015 -1.375000 0.000000
v 0.125000 -1.375000 -0.052301
v 0.248074 -1.250000 -0.125000
v 0.250000 -1.250000 -0.122463
v 0.125000 -1.375000 -0.052301
v 0.125000 -1.338044 -0.125000
v 0.248074 -1.250000 -0.125000
v 0.125000 -1.375000 0.073122
v 0.165015 -1.375000 0.000000
v 0.250000 -1.317614 0.000000
v 0.125000 -1.375000 0.073122
v 0.250000 -1.317614 0.000000
v 0.125000 -1.355276 0.125000
v 0.125000 -1.355276 0.125000
v 0.250000 -1.317614 0.000000
v 0.250000 -1.284242 0.125000
v 0.178442 -1.250000 0.250000
v 0.250000 -1.284242 0.125000
v 0.250000 -1.250000 0.183292
v 0.178442 -1.250000 0.250000
v 0.125000 -1.282409 0.250000
v 0.250000 -1.284242 0.125000
v 0.125000 -1.282409 0.250000
v 0.125000 -1.355276 0.125000
v 0.250000 -1.284242 0.125000
v 0.178442 -1.250000 0.250000
v 0.125000 -1.250000 0.277680
v 0.125000 -1.282409 0.250000
v 0.151319 -1.250000 -0.250000
v 0.250000 -1.125000 -0.273827
v 0.250000 -1.155911 -0.250000
v 0.151319 -1.250000 -0.250000
v 0.125000 -1.250000 -0.267058
v 0.250000 -1.125000 -0.273827
v 0.125000 -1.250000 -0.267058
v 0.125000 -1.125000 -0.368592
v 0.250000 -1.125000 -0.273827
v 0.250000 -1.155911 -0.250000
v 0.250000 -1.248416 -0.125000
v 0.248074 -1.250000 -0.125000
v 0.151319 -1.250000 -0.250000
v 0.250000 -1.155911 -0.250000
v 0.248074 -1.250000 -0.125000
v 0.248074 -1.250000 -0.125000
v 0.250000 -1.248416 -0.125000
v 0.250000 -1.250000 -0.122463
v 0.250000 -1.250000 0.183292
v 0.250000 -1.189771 0.250000
v 0.178442 -1.250000 0.250000
v 0.250000 -1.189771 0.250000
v 0.125000 -1.250000 0.277680
v 0.178442 -1.250000 0.250000
v 0.250000 -1.189771 0.250000
v 0.250000 -1.125000 0.284758
v 0.125000 -1.250000 0.277680
v 0.250000 -1.125000 0.284758
v 0.125000 -1.125000 0.345618
v 0.125000 -1.250000 0.277680
v 0.125000 -1.000000 -0.378058
v 0.131607 -1.000000 -0.375000
v 0.125000 -1.054474 -0.375000
v 0.125000 -1.054474 -0.375000
v 0.131607 -1.000000 -0.375000
v 0.250000 -1.000000 -0.317122
v 0.125000 -1.054474 -0.375000
v 0.250000 -1.000000 -0.317122
v 0.125000 -1.125000 -0.368592
v 0.125000 -1.125000 -0.368592
v 0.250000 -1.000000 -0.317122
v 0.250000 -1.125000 -0.273827
v 0.170033 -1.000000 0.375000
v 0.125000 -1.067027 0.375000
v 0.125000 -1.125000 0.345618
v 0.170033 -1.000000 0.375000
v 0.125000 -1.125000 0.345618
v 0.250000 -1.000000 0.307160
v 0.250000 -1.000000 0.307160
v 0.125000 -1.125000 0.345618
v 0.250000 -1.125000 0.284758
v 0.170033 -1.000000 0.375000
v 0.125000 -1.000000 0.399518
v 0.125000 -1.067027 0.375000
v 0.125000 -1.000000 -0.378058
v 0.125000 -0.970479 -0.375000
v 0.131607 -1.000000 -0.375000
v 0.131607 -1.000000 -0.375000
v 0.125000 -0.970479 -0.375000
v 0.125000 -0.875000 -0.366927
v 0.131607 -1.000000 -0.375000
v 0.125000 -0.875000 -0.366927
v 0.250000 -1.000000 -0.317122
v 0.250000 -1.000000 -0.317122
v 0.125000 -0.875000 -0.366927
v 0.250000 -0.875000 -0.323975
v 0.250000 -1.000000 0.307160
v 0.250000 -0.875000 0.311910
v 0.171710 -0.875000 0.375000
v 0.170033 -1.000000 0.375000
v 0.250000 -1.000000 0.307160
v 0.171710 -0.875000 0.375000
v 0.171710 -0.875000 0.375000
v 0.125000 -1.000000 0.399518
v 0.170033 -1.000000 0.375000
v 0.125000 -0.875000 0.401768
v 0.125000 -1.000000 0.399518
v 0.171710 -0.875000 0.375000
v 0.125000 -0.750000 -0.385152
v 0.143972 -0.750000 -0.375000
v 0.125000 -0.814637 -0.375000
v 0.125000 -0.814637 -0.375000
v 0.143972 -0.750000 -0.375000
v 0.250000 -0.750000 -0.304754
v 0.125000 -0.814637 -0.375000
v 0.250000 -0.750000 -0.304754
v 0.125000 -0.875000 -0.366927
v 0.125000 -0.875000 -0.366927
v 0.250000 -0.750000 -0.304754
v 0.250000 -0.875000 -0.323975
v 0.125000 -0.751998 0.375000
v 0.171710 -0.875000 0.375000
v 0.250000 -0.875000 0.311910
v 0.125000 -0.751998 0.375000
v 0.250000 -0.875000 0.311910
v 0.125000 -0.750000 0.374474
v 0.125000 -0.750000 0.374474
v 0.250000 -0.875000 0.311910
v 0.250000 -0.750000 0.301527
v 0.171710 -0.875000 0.375000
v 0.125000 -0.751998 0.375000
v 0.125000 -0.875000 0.401768
v 0.125000 -0.625000 -0.382522
v 0.143972 -0.750000 -0.375000
v 0.125000 -0.750000 -0.385152
v 0.141758 -0.625000 -0.375000
v 0.143972 -0.750000 -0.375000
v 0.125000 -0.625000 -0.382522
v 0.143972 -0.750000 -0.375000
v 0.141758 -0.625000 -0.375000
v 0.250000 -0.625000 -0.323241
v 0.250000 -0.750000 -0.304754
v 0.143972 -0.750000 -0.375000
v 0.250000 -0.625000 -0.323241
v 0.250000 -0.750000 0.301527
v 0.250000 -0.625000 0.312354
v 0.125000 -0.750000 0.374474
v 0.125000 -0.750000 0.374474
v 0.250000 -0.625000 0.312354
v 0.125000 -0.625000 0.374134
v 0.125000 -0.625000 -0.382522
v 0.125000 -0.524580 -0.375000
v 0.141758 -0.625000 -0.375000
v 0.141758 -0.625000 -0.375000
v 0.125000 -0.524580 -0.375000
v 0.125000 -0.500000 -0.372870
v 0.141758 -0.625000 -0.375000
v 0.125000 -0.500000 -0.372870
v 0.250000 -0.625000 -0.323241
v 0.250000 -0.625000 -0.323241
v 0.125000 -0.500000 -0.372870
v 0.250000 -0.500000 -0.324457
v 0.142694 -0.500000 0.375000
v 0.125000 -0.615417 0.375000
v 0.125000 -0.625000 0.374134
v 0.142694 -0.500000 0.375000
v 0.125000 -0.625000 0.374134
v 0.250000 -0.500000 0.310231
v 0.250000 -0.500000 0.310231
v 0.125000 -0.625000 0.374134
v 0.250000 -0.625000 0.312354
v 0.142694 -0.500000 0.375000
v 0.125000 -0.500000 0.385125
v 0.125000 -0.615417 0.375000
v 0.250000 -0.500000 -0.324457
v 0.125000 -0.500000 -0.372870
v 0.250000 -0.375000 -0.318720
v 0.125000 -0.500000 -0.372870
v 0.125000 -0.375000 -0.363423
v 0.250000 -0.375000 -0.318720
v 0.250000 -0.500000 0.310231
v 0.250000 -0.375000 0.287897
v 0.172584 -0.375000 0.375000
v 0.142694 -0.500000 0.375000
v 0.250000 -0.500000 0.310231
v 0.172584 -0.375000 0.375000
v 0.172584 -0.375000 0.375000
v 0.125000 -0.500000 0.385125
v 0.142694 -0.500000 0.375000
v 0.125000 -0.375000 0.395104
v 0.125000 -0.500000 0.385125
v 0.172584 -0.375000 0.375000
v 0.125000 -0.250000 -0.390392
v 0.154258 -0.250000 -0.375000
v 0.125000 -0.317117 -0.375000
v 0.125000 -0.317117 -0.375000
v 0.154258 -0.250000 -0.375000
v 0.250000 -0.250000 -0.314079
v 0.125000 -0.317117 -0.375000
v 0.250000 -0.250000 -0.314079
v 0.125000 -0.375000 -0.363423
v 0.125000 -0.375000 -0.363423
v 0.250000 -0.250000 -0.314079
v 0.250000 -0.375000 -0.318720
v 0.250000 -0.375000 0.287897
v 0.250000 -0.250000 0.294479
v 0.136751 -0.250000 0.375000
v 0.172584 -0.375000 0.375000
v 0.250000 -0.375000 0.287897
v 0.136751 -0.250000 0.375000
v 0.136751 -0.250000 0.375000
v 0.125000 -0.375000 0.395104
v 0.172584 -0.375000 0.375000
v 0.125000 -0.250000 0.383757
v 0.125000 -0.375000 0.395104
v 0.136751 -0.250000 0.375000
v 0.125000 -0.250000 -0.390392
v 0.125000 -0.153033 -0.375000
v 0.154258 -0.250000 -0.375000
v 0.154258 -0.250000 -0.375000
v 0.125000 -0.153033 -0.375000
v 0.125000 -0.125000 -0.370370
v 0.154258 -0.250000 -0.375000
v 0.125000 -0.125000 -0.370370
v 0.250000 -0.250000 -0.314079
v 0.250000 -0.250000 -0.314079
v 0.125000 -0.125000 -0.370370
v 0.250000 -0.125000 -0.302756
v 0.250000 -0.250000 0.294479
v 0.250000 -0.125000 0.292899
v 0.164089 -0.125000 0.375000
v 0.136751 -0.250000 0.375000
v 0.250000 -0.250000 0.294479
v 0.164089 -0.125000 0.375000
v 0.164089 -0.125000 0.375000
v 0.125000 -0.250000 0.383757
v 0.136751 -0.250000 0.375000
v 0.125000 -0.125000 0.397173
v 0.125000 -0.250000 0.383757
v 0.164089 -0.125000 0.375000
v 0.125000 0.000000 -0.379864
v 0.133494 0.000000 -0.375000
v 0.125000 -0.057694 -0.375000
v 0.125000 -0.057694 -0.375000
v 0.133494 0.000000 -0.375000
v 0.250000 0.000000 -0.306119
v 0.125000 -0.057694 -0.375000
v 0.250000 0.000000 -0.306119
v 0.125000 -0.125000 -0.370370
v 0.125000 -0.125000 -0.370370
v 0.250000 0.000000 -0.306119
v 0.250000 -0.125000 -0.302756
v 0.250000 -0.125000 0.292899
v 0.250000 0.000000 0.322971
v 0.161932 0.000000 0.375000
v 0.164089 -0.125000 0.375000
v 0.250000 -0.125000 0.292899
v 0.161932 0.000000 0.375000
v 0.161932 0.000000 0.375000
v 0.125000 -0.125000 0.397173
v 0.164089 -0.125000 0.375000
v 0.125000 0.000000 0.389804
v 0.125000 -0.125000 0.397173
v 0.161932 0.000000 0.375000
v 0.125000 0.125000 -0.399691
v 0.133494 0.000000 -0.375000
v 0.125000 0.000000 -0.379864
v 0.163884 0.125000 -0.375000
v 0.133494 0.000000 -0.375000
v 0.125000 0.125000 -0.399691
v 0.133494 0.000000 -0.375000
v 0.163884 0.125000 -0.375000
v 0.250000 0.125000 -0.301551
v 0.250000 0.000000 -0.306119
v 0.133494 0.000000 -0.375000
v 0.250000 0.125000 -0.301551
v 0.250000 0.000000 0.322971
v 0.250000 0.125000 0.309847
v 0.143709 0.125000 0.375000
v 0.161932 0.000000 0.375000
v 0.250000 0.000000 0.322971
v 0.143709 0.125000 0.375000
v 0.143709 0.125000 0.375000
v 0.125000 0.000000 0.389804
v 0.161932 0.000000 0.375000
v 0.125000 0.125000 0.382967
v 0.125000 0.000000 0.389804
v 0.143709 0.125000 0.375000
v 0.125000 0.250000 -0.384501
v 0.163884 0.125000 -0.375000
v 0.125000 0.125000 -0.399691
v 0.143027 0.250000 -0.375000
v 0.163884 0.125000 -0.375000
v 0.125000 0.250000 -0.384501
v 0.163884 0.125000 -0.375000
v 0.143027 0.250000 -0.375000
v 0.250000 0.250000 -0.311029
v 0.250000 0.125000 -0.301551
v 0.163884 0.125000 -0.375000
v 0.250000 0.250000 -0.311029
v 0.250000 0.125000 0.309847
v 0.250000 0.250000 0.313231
v 0.149775 0.250000 0.375000
v 0.143709 0.125000 0.375000
v 0.250000 0.125000 0.309847
v 0.149775 0.250000 0.375000
v 0.149775 0.250000 0.375000
v 0.125000 0.125000 0.382967
v 0.143709 0.125000 0.375000
v 0.125000 0.250000 0.387194
v 0.125000 0.125000 0.382967
v 0.149775 0.250000 0.375000
v 0.125000 0.250000 -0.384501
v 0.125000 0.317606 -0.375000
v 0.143027 0.250000 -0.375000
v 0.143027 0.250000 -0.375000
v 0.125000 0.317606 -0.375000
v 0.125000 0.375000 -0.368601
v 0.143027 0.250000 -0.375000
v 0.125000 0.375000 -0.368601
v 0.250000 0.250000 -0.311029
v 0.250000 0.250000 -0.311029
v 0.125000 0.375000 -0.368601
v 0.250000 0.375000 -0.317048
v 0.250000 0.250000 0.313231
v 0.250000 0.375000 0.317889
v 0.141697 0.375000 0.375000
v 0.149775 0.250000 0.375000
v 0.250000 0.250000 0.313231
v 0.141697 0.375000 0.375000
v 0.141697 0.375000 0.375000
v 0.125000 0.250000 0.387194
v 0.149775 0.250000 0.375000
v 0.125000 0.375000 0.384205
v 0.125000 0.250000 0.387194
v 0.141697 0.375000 0.375000
v 0.125000 0.500000 -0.391118
v 0.156349 0.500000 -0.375000
v 0.125000 0.409758 -0.375000
v 0.125000 0.409758 -0.375000
v 0.156349 0.500000 -0.375000
v 0.250000 0.500000 -0.296159
v 0.125000 0.409758 -0.375000
v 0.250000 0.500000 -0.296159
v 0.125000 0.375000 -0.368601
v 0.125000 0.375000 -0.368601
v 0.250000 0.500000 -0.296159
v 0.250000 0.375000 -0.317048
v 0.250000 0.375000 0.317889
v 0.250000 0.500000 0.342692
v 0.162910 0.500000 0.375000
v 0.141697 0.375000 0.375000
v 0.250000 0.375000 0.317889
v 0.162910 0.500000 0.375000
v 0.162910 0.500000 0.375000
v 0.125000 0.375000 0.384205
v 0.141697 0.375000 0.375000
v 0.125000 0.500000 0.386731
v 0.125000 0.375000 0.384205
v 0.162910 0.500000 0.375000
v 0.125000 0.500000 -0.391118
v 0.125000 0.572076 -0.375000
v 0.156349 0.500000 -0.375000
v 0.156349 0.500000 -0.375000
v 0.125000 0.572076 -0.375000
v 0.125000 0.625000 -0.357230
v 0.156349 0.500000 -0.375000
v 0.125000 0.625000 -0.357230
v 0.250000 0.500000 -0.296159
v 0.250000 0.500000 -0.296159
v 0.125000 0.625000 -0.357230
v 0.250000 0.625000 -0.275512
v 0.125000 0.544960 0.375000
v 0.162910 0.500000 0.375000
v 0.250000 0.500000 0.342692
v 0.125000 0.544960 0.375000
v 0.250000 0.500000 0.342692
v 0.125000 0.625000 0.355394
v 0.125000 0.625000 0.355394
v 0.250000 0.500000 0.342692
v 0.250000 0.625000 0.325292
v 0.162910 0.500000 0.375000
v 0.125000 0.544960 0.375000
v 0.125000 0.500000 0.386731
v 0.250000 0.654364 -0.250000
v 0.125000 0.750000 -0.274973
v 0.158973 0.750000 -0.250000
v 0.250000 0.654364 -0.250000
v 0.250000 0.625000 -0.275512
v 0.125000 0.750000 -0.274973
v 0.250000 0.625000 -0.275512
v 0.125000 0.625000 -0.357230
v 0.125000 0.750000 -0.274973
v 0.250000 0.654364 -0.250000
v 0.158973 0.750000 -0.250000
v 0.250000 0.750000 -0.171352
v 0.250000 0.625000 0.325292
v 0.250000 0.750000 0.281052
v 0.125000 0.625000 0.355394
v 0.125000 0.625000 0.355394
v 0.250000 0.750000 0.281052
v 0.125000 0.750000 0.280105
v 0.125000 0.750000 -0.274973
v 0.125000 0.774169 -0.250000
v 0.158973 0.750000 -0.250000
v 0.158973 0.750000 -0.250000
v 0.250000 0.790524 -0.125000
v 0.250000 0.750000 -0.171352
v 0.158973 0.750000 -0.250000
v 0.125000 0.774169 -0.250000
v 0.250000 0.790524 -0.125000
v 0.125000 0.774169 -0.250000
v 0.125000 0.873403 -0.125000
v 0.250000 0.790524 -0.125000
v 0.198637 0.875000 0.000000
v 0.250000 0.875000 -0.011680
v 0.250000 0.790524 -0.125000
v 0.198637 0.875000 0.000000
v 0.250000 0.790524 -0.125000
v 0.125000 0.867605 0.000000
v 0.125000 0.867605 0.000000
v 0.250000 0.790524 -0.125000
v 0.125000 0.873403 -0.125000
v 0.153776 0.875000 0.125000
v 0.198637 0.875000 0.000000
v 0.125000 0.867605 0.000000
v 0.125000 0.860075 0.125000
v 0.153776 0.875000 0.125000
v 0.125000 0.867605 0.000000
v 0.250000 0.875000 0.212234
v 0.153776 0.875000 0.125000
v 0.125000 0.860075 0.125000
v 0.250000 0.875000 0.212234
v 0.125000 0.860075 0.125000
v 0.250000 0.820250 0.250000
v 0.250000 0.820250 0.250000
v 0.125000 0.860075 0.125000
v 0.125000 0.781038 0.250000
v 0.250000 0.750000 0.281052
v 0.125000 0.781038 0.250000
v 0.125000 0.750000 0.280105
v 0.250000 0.820250 0.250000
v 0.125000 0.781038 0.250000
v 0.250000 0.750000 0.281052
v 0.250000 0.875000 -0.011680
v 0.198637 0.875000 0.000000
v 0.250000 0.882533 0.000000
v 0.250000 0.882533 0.000000
v 0.153776 0.875000 0.125000
v 0.250000 0.927310 0.125000
v 0.198637 0.875000 0.000000
v 0.153776 0.875000 0.125000
v 0.250000 0.882533 0.000000
v 0.153776 0.875000 0.125000
v 0.250000 0.875000 0.212234
v 0.250000 0.927310 0.125000
v 0.250000 -1.250000 -0.122463
v 0.320966 -1.250000 0.000000
v 0.250000 -1.317614 0.000000
v 0.278819 -1.250000 0.125000
v 0.250000 -1.317614 0.000000
v 0.320966 -1.250000 0.000000
v 0.250000 -1.284242 0.125000
v 0.250000 -1.317614 0.000000
v 0.278819 -1.250000 0.125000
v 0.278819 -1.250000 0.125000
v 0.250000 -1.250000 0.183292
v 0.250000 -1.284242 0.125000
v 0.250000 -1.125000 -0.273827
v 0.276144 -1.125000 -0.250000
v 0.250000 -1.155911 -0.250000
v 0.363038 -1.125000 -0.125000
v 0.250000 -1.155911 -0.250000
v 0.276144 -1.125000 -0.250000
v 0.250000 -1.248416 -0.125000
v 0.250000 -1.155911 -0.250000
v 0.363038 -1.125000 -0.125000
v 0.250000 -1.248416 -0.125000
v 0.320966 -1.250000 0.000000
v 0.250000 -1.250000 -0.122463
v 0.250000 -1.248416 -0.125000
v 0.363038 -1.125000 -0.125000
v 0.320966 -1.250000 0.000000
v 0.363038 -1.125000 -0.125000
v 0.366215 -1.125000 0.000000
v 0.320966 -1.250000 0.000000
v 0.320966 -1.250000 0.000000
v 0.366215 -1.125000 0.000000
v 0.278819 -1.250000 0.125000
v 0.366215 -1.125000 0.000000
v 0.368016 -1.125000 0.125000
v 0.278819 -1.250000 0.125000
v 0.250000 -1.250000 0.183292
v 0.279776 -1.125000 0.250000
v 0.250000 -1.189771 0.250000
v 0.250000 -1.250000 0.183292
v 0.278819 -1.250000 0.125000
v 0.279776 -1.125000 0.250000
v 0.278819 -1.250000 0.125000
v 0.368016 -1.125000 0.125000
v 0.279776 -1.125000 0.250000
v 0.279776 -1.125000 0.250000
v 0.250000 -1.125000 0.284758
v 0.250000 -1.189771 0.250000
v 0.250000 -1.000000 -0.317122
v 0.276144 -1.125000 -0.250000
v 0.250000 -1.125000 -0.273827
v 0.313273 -1.000000 -0.250000
v 0.276144 -1.125000 -0.250000
v 0.250000 -1.000000 -0.317122
v 0.375000 -1.000000 -0.158836
v 0.375000 -1.083593 -0.125000
v 0.363038 -1.125000 -0.125000
v 0.375000 -1.000000 -0.158836
v 0.363038 -1.125000 -0.125000
v 0.313273 -1.000000 -0.250000
v 0.313273 -1.000000 -0.250000
v 0.363038 -1.125000 -0.125000
v 0.276144 -1.125000 -0.250000
v 0.375000 -1.083593 -0.125000
v 0.375000 -1.092704 0.000000
v 0.366215 -1.125000 0.000000
v 0.363038 -1.125000 -0.125000
v 0.375000 -1.083593 -0.125000
v 0.366215 -1.125000 0.000000
v 0.375000 -1.092704 0.000000
v 0.375000 -1.042468 0.125000
v 0.368016 -1.125000 0.125000
v 0.366215 -1.125000 0.000000
v 0.375000 -1.092704 0.000000
v 0.368016 -1.125000 0.125000
v 0.375000 -1.042468 0.125000
v 0.375000 -1.000000 0.130916
v 0.301503 -1.000000 0.250000
v 0.375000 -1.042468 0.125000
v 0.301503 -1.000000 0.250000
v 0.368016 -1.125000 0.125000
v 0.368016 -1.125000 0.125000
v 0.301503 -1.000000 0.250000
v 0.279776 -1.125000 0.250000
v 0.301503 -1.000000 0.250000
v 0.250000 -1.125000 0.284758
v 0.279776 -1.125000 0.250000
v 0.250000 -1.000000 0.307160
v 0.250000 -1.125000 0.284758
v 0.301503 -1.000000 0.250000
v 0.250000 -0.875000 -0.323975
v 0.313273 -1.000000 -0.250000
v 0.250000 -1.000000 -0.317122
v 0.321197 -0.875000 -0.250000
v 0.313273 -1.000000 -0.250000
v 0.250000 -0.875000 -0.323975
v 0.313273 -1.000000 -0.250000
v 0.321197 -0.875000 -0.250000
v 0.375000 -0.875000 -0.147325
v 0.375000 -1.000000 -0.158836
v 0.313273 -1.000000 -0.250000
v 0.375000 -0.875000 -0.147325
v 0.375000 -1.000000 0.130916
v 0.375000 -0.875000 0.147699
v 0.314597 -0.875000 0.250000
v 0.301503 -1.000000 0.250000
v 0.375000 -1.000000 0.130916
v 0.314597 -0.875000 0.250000
v 0.314597 -0.875000 0.250000
v 0.250000 -1.000000 0.307160
v 0.301503 -1.000000 0.250000
v 0.250000 -0.875000 0.311910
v 0.250000 -1.000000 0.307160
v 0.314597 -0.875000 0.250000
v 0.250000 -0.750000 -0.304754
v 0.321197 -0.875000 -0.250000
v 0.250000 -0.875000 -0.323975
v 0.302908 -0.750000 -0.250000
v 0.321197 -0.875000 -0.250000
v 0.250000 -0.750000 -0.304754
v 0.321197 -0.875000 -0.250000
v 0.302908 -0.750000 -0.250000
v 0.375000 -0.750000 -0.160774
v 0.375000 -0.875000 -0.147325
v 0.321197 -0.875000 -0.250000
v 0.375000 -0.750000 -0.160774
v 0.375000 -0.875000 0.147699
v 0.375000 -0.750000 0.155257
v 0.310782 -0.750000 0.250000
v 0.314597 -0.875000 0.250000
v 0.375000 -0.875000 0.147699
v 0.310782 -0.750000 0.250000
v 0.310782 -0.750000 0.250000
v 0.250000 -0.875000 0.311910
v 0.314597 -0.875000 0.250000
v 0.250000 -0.750000 0.301527
v 0.250000 -0.875000 0.311910
v 0.310782 -0.750000 0.250000
v 0.250000 -0.625000 -0.323241
v 0.302908 -0.750000 -0.250000
v 0.250000 -0.750000 -0.304754
v 0.315753 -0.625000 -0.250000
v 0.302908 -0.750000 -0.250000
v 0.250000 -0.625000 -0.323241
v 0.375000 -0.656601 -0.125000
v 0.375000 -0.750000 -0.160774
v 0.302908 -0.750000 -0.250000
v 0.375000 -0.656601 -0.125000
v 0.302908 -0.750000 -0.250000
v 0.368049 -0.625000 -0.125000
v 0.368049 -0.625000 -0.125000
v 0.302908 -0.750000 -0.250000
v 0.315753 -0.625000 -0.250000
v 0.375000 -0.656601 -0.125000
v 0.368049 -0.625000 -0.125000
v 0.375000 -0.625000 -0.107164
v 0.375000 -0.750000 0.155257
v 0.375000 -0.625000 0.142972
v 0.304543 -0.625000 0.250000
v 0.310782 -0.750000 0.250000
v 0.375000 -0.750000 0.155257
v 0.304543 -0.625000 0.250000
v 0.304543 -0.625000 0.250000
v 0.250000 -0.750000 0.301527
v 0.310782 -0.750000 0.250000
v 0.250000 -0.625000 0.312354
v 0.250000 -0.750000 0.301527
v 0.304543 -0.625000 0.250000
v 0.250000 -0.500000 -0.324457
v 0.315753 -0.625000 -0.250000
v 0.250000 -0.625000 -0.323241
v 0.316090 -0.500000 -0.250000
v 0.315753 -0.625000 -0.250000
v 0.250000 -0.500000 -0.324457
v 0.375000 -0.500000 -0.150855
v 0.375000 -0.577622 -0.125000
v 0.368049 -0.625000 -0.125000
v 0.375000 -0.500000 -0.150855
v 0.368049 -0.625000 -0.125000
v 0.316090 -0.500000 -0.250000
v 0.316090 -0.500000 -0.250000
v 0.368049 -0.625000 -0.125000
v 0.315753 -0.625000 -0.250000
v 0.368049 -0.625000 -0.125000
v 0.375000 -0.577622 -0.125000
v 0.375000 -0.625000 -0.107164
v 0.375000 -0.525456 0.125000
v 0.375000 -0.500000 0.115886
v 0.372883 -0.500000 0.125000
v 0.375000 -0.625000 0.142972
v 0.375000 -0.525456 0.125000
v 0.372883 -0.500000 0.125000
v 0.375000 -0.625000 0.142972
v 0.372883 -0.500000 0.125000
v 0.304543 -0.625000 0.250000
v 0.304543 -0.625000 0.250000
v 0.372883 -0.500000 0.125000
v 0.312351 -0.500000 0.250000
v 0.312351 -0.500000 0.250000
v 0.250000 -0.625000 0.312354
v 0.304543 -0.625000 0.250000
v 0.250000 -0.500000 0.310231
v 0.250000 -0.625000 0.312354
v 0.312351 -0.500000 0.250000
v 0.250000 -0.375000 -0.318720
v 0.316090 -0.500000 -0.250000
v 0.250000 -0.500000 -0.324457
v 0.316840 -0.375000 -0.250000
v 0.316090 -0.500000 -0.250000
v 0.250000 -0.375000 -0.318720
v 0.375000 -0.443153 -0.125000
v 0.375000 -0.500000 -0.150855
v 0.316090 -0.500000 -0.250000
v 0.375000 -0.443153 -0.125000
v 0.316090 -0.500000 -0.250000
v 0.360879 -0.375000 -0.125000
v 0.360879 -0.375000 -0.125000
v 0.316090 -0.500000 -0.250000
v 0.316840 -0.375000 -0.250000
v 0.375000 -0.443153 -0.125000
v 0.360879 -0.375000 -0.125000
v 0.375000 -0.375000 -0.087642
v 0.375000 -0.500000 0.115886
v 0.375000 -0.375000 0.110796
v 0.370390 -0.375000 0.125000
v 0.372883 -0.500000 0.125000
v 0.375000 -0.500000 0.115886
v 0.370390 -0.375000 0.125000
v 0.372883 -0.500000 0.125000
v 0.370390 -0.375000 0.125000
v 0.312351 -0.500000 0.250000
v 0.370390 -0.375000 0.125000
v 0.282590 -0.375000 0.250000
v 0.312351 -0.500000 0.250000
v 0.282590 -0.375000 0.250000
v 0.250000 -0.500000 0.310231
v 0.312351 -0.500000 0.250000
v 0.250000 -0.375000 0.287897
v 0.250000 -0.500000 0.310231
v 0.282590 -0.375000 0.250000
v 0.250000 -0.250000 -0.314079
v 0.316840 -0.375000 -0.250000
v 0.250000 -0.375000 -0.318720
v 0.314148 -0.250000 -0.250000
v 0.316840 -0.375000 -0.250000
v 0.250000 -0.250000 -0.314079
v 0.375000 -0.250000 -0.132433
v 0.375000 -0.273389 -0.125000
v 0.360879 -0.375000 -0.125000
v 0.375000 -0.250000 -0.132433
v 0.360879 -0.375000 -0.125000
v 0.314148 -0.250000 -0.250000
v 0.314148 -0.250000 -0.250000
v 0.360879 -0.375000 -0.125000
v 0.316840 -0.375000 -0.250000
v 0.360879 -0.375000 -0.125000
v 0.375000 -0.273389 -0.125000
v 0.375000 -0.375000 -0.087642
v 0.375000 -0.375000 0.110796
v 0.375000 -0.333791 0.125000
v 0.370390 -0.375000 0.125000
v 0.375000 -0.333791 0.125000
v 0.375000 -0.250000 0.150160
v 0.316991 -0.250000 0.250000
v 0.375000 -0.333791 0.125000
v 0.316991 -0.250000 0.250000
v 0.370390 -0.375000 0.125000
v 0.370390 -0.375000 0.125000
v 0.316991 -0.250000 0.250000
v 0.282590 -0.375000 0.250000
v 0.316991 -0.250000 0.250000
v 0.250000 -0.375000 0.287897
v 0.282590 -0.375000 0.250000
v 0.250000 -0.250000 0.294479
v 0.250000 -0.375000 0.287897
v 0.316991 -0.250000 0.250000
v 0.250000 -0.125000 -0.302756
v 0.314148 -0.250000 -0.250000
v 0.250000 -0.250000 -0.314079
v 0.290631 -0.125000 -0.250000
v 0.314148 -0.250000 -0.250000
v 0.250000 -0.125000 -0.302756
v 0.314148 -0.250000 -0.250000
v 0.290631 -0.125000 -0.250000
v 0.375000 -0.125000 -0.126060
v 0.375000 -0.250000 -0.132433
v 0.314148 -0.250000 -0.250000
v 0.375000 -0.125000 -0.126060
v 0.375000 -0.250000 0.150160
v 0.375000 -0.125000 0.170804
v 0.296699 -0.125000 0.250000
v 0.316991 -0.250000 0.250000
v 0.375000 -0.250000 0.150160
v 0.296699 -0.125000 0.250000
v 0.296699 -0.125000 0.250000
v 0.250000 -0.250000 0.294479
v 0.316991 -0.250000 0.250000
v 0.250000 -0.125000 0.292899
v 0.250000 -0.250000 0.294479
v 0.296699 -0.125000 0.250000
v 0.250000 0.000000 -0.306119
v 0.290631 -0.125000 -0.250000
v 0.250000 -0.125000 -0.302756
v 0.307340 0.000000 -0.250000
v 0.290631 -0.125000 -0.250000
v 0.250000 0.000000 -0.306119
v 0.290631 -0.125000 -0.250000
v 0.307340 0.000000 -0.250000
v 0.375000 0.000000 -0.148279
v 0.375000 -0.125000 -0.126060
v 0.290631 -0.125000 -0.250000
v 0.375000 0.000000 -0.148279
v 0.375000 -0.125000 0.170804
v 0.375000 0.000000 0.150384
v 0.326629 0.000000 0.250000
v 0.296699 -0.125000 0.250000
v 0.375000 -0.125000 0.170804
v 0.326629 0.000000 0.250000
v 0.326629 0.000000 0.250000
v 0.250000 -0.125000 0.292899
v 0.296699 -0.125000 0.250000
v 0.250000 0.000000 0.322971
v 0.250000 -0.125000 0.292899
v 0.326629 0.000000 0.250000
v 0.250000 0.125000 -0.301551
v 0.307340 0.000000 -0.250000
v 0.250000 0.000000 -0.306119
v 0.300194 0.125000 -0.250000
v 0.307340 0.000000 -0.250000
v 0.250000 0.125000 -0.301551
v 0.375000 0.088269 -0.125000
v 0.375000 0.000000 -0.148279
v 0.307340 0.000000 -0.250000
v 0.375000 0.088269 -0.125000
v 0.307340 0.000000 -0.250000
v 0.369272 0.125000 -0.125000
v 0.369272 0.125000 -0.125000
v 0.307340 0.000000 -0.250000
v 0.300194 0.125000 -0.250000
v 0.375000 0.088269 -0.125000
v 0.369272 0.125000 -0.125000
v 0.375000 0.125000 -0.104391
v 0.375000 0.000000 0.150384
v 0.375000 0.125000 0.134887
v 0.303618 0.125000 0.250000
v 0.326629 0.000000 0.250000
v 0.375000 0.000000 0.150384
v 0.303618 0.125000 0.250000
v 0.303618 0.125000 0.250000
v 0.250000 0.000000 0.322971
v 0.326629 0.000000 0.250000
v 0.250000 0.125000 0.309847
v 0.250000 0.000000 0.322971
v 0.303618 0.125000 0.250000
v 0.250000 0.250000 -0.311029
v 0.300194 0.125000 -0.250000
v 0.250000 0.125000 -0.301551
v 0.319483 0.250000 -0.250000
v 0.300194 0.125000 -0.250000
v 0.250000 0.250000 -0.311029
v 0.375000 0.250000 -0.179038
v 0.375000 0.143563 -0.125000
v 0.369272 0.125000 -0.125000
v 0.375000 0.250000 -0.179038
v 0.369272 0.125000 -0.125000
v 0.319483 0.250000 -0.250000
v 0.319483 0.250000 -0.250000
v 0.369272 0.125000 -0.125000
v 0.300194 0.125000 -0.250000
v 0.369272 0.125000 -0.125000
v 0.375000 0.143563 -0.125000
v 0.375000 0.125000 -0.104391
v 0.375000 0.246800 0.125000
v 0.375000 0.250000 0.124464
v 0.374856 0.250000 0.125000
v 0.375000 0.125000 0.134887
v 0.375000 0.246800 0.125000
v 0.374856 0.250000 0.125000
v 0.375000 0.125000 0.134887
v 0.374856 0.250000 0.125000
v 0.303618 0.125000 0.250000
v 0.303618 0.125000 0.250000
v 0.374856 0.250000 0.125000
v 0.314735 0.250000 0.250000
v 0.314735 0.250000 0.250000
v 0.250000 0.125000 0.309847
v 0.303618 0.125000 0.250000
v 0.250000 0.250000 0.313231
v 0.250000 0.125000 0.309847
v 0.314735 0.250000 0.250000
v 0.250000 0.375000 -0.317048
v 0.319483 0.250000 -0.250000
v 0.250000 0.250000 -0.311029
v 0.317546 0.375000 -0.250000
v 0.319483 0.250000 -0.250000
v 0.250000 0.375000 -0.317048
v 0.319483 0.250000 -0.250000
v 0.317546 0.375000 -0.250000
v 0.375000 0.375000 -0.181325
v 0.375000 0.250000 -0.179038
v 0.319483 0.250000 -0.250000
v 0.375000 0.375000 -0.181325
v 0.375000 0.250000 0.124464
v 0.375000 0.250260 0.125000
v 0.374856 0.250000 0.125000
v 0.375000 0.250260 0.125000
v 0.375000 0.375000 0.222446
v 0.347763 0.375000 0.250000
v 0.375000 0.250260 0.125000
v 0.347763 0.375000 0.250000
v 0.374856 0.250000 0.125000
v 0.374856 0.250000 0.125000
v 0.347763 0.375000 0.250000
v 0.314735 0.250000 0.250000
v 0.347763 0.375000 0.250000
v 0.250000 0.250000 0.313231
v 0.314735 0.250000 0.250000
v 0.250000 0.375000 0.317889
v 0.250000 0.250000 0.313231
v 0.347763 0.375000 0.250000
v 0.250000 0.500000 -0.296159
v 0.317546 0.375000 -0.250000
v 0.250000 0.375000 -0.317048
v 0.301122 0.500000 -0.250000
v 0.317546 0.375000 -0.250000
v 0.250000 0.500000 -0.296159
v 0.317546 0.375000 -0.250000
v 0.301122 0.500000 -0.250000
v 0.375000 0.500000 -0.178062
v 0.375000 0.375000 -0.181325
v 0.317546 0.375000 -0.250000
v 0.375000 0.500000 -0.178062
v 0.375000 0.375000 0.222446
v 0.375000 0.413621 0.250000
v 0.347763 0.375000 0.250000
v 0.375000 0.413621 0.250000
v 0.250000 0.375000 0.317889
v 0.347763 0.375000 0.250000
v 0.375000 0.413621 0.250000
v 0.375000 0.500000 0.297436
v 0.250000 0.375000 0.317889
v 0.375000 0.500000 0.297436
v 0.250000 0.500000 0.342692
v 0.250000 0.375000 0.317889
v 0.250000 0.625000 -0.275512
v 0.301122 0.500000 -0.250000
v 0.250000 0.500000 -0.296159
v 0.276301 0.625000 -0.250000
v 0.301122 0.500000 -0.250000
v 0.250000 0.625000 -0.275512
v 0.301122 0.500000 -0.250000
v 0.276301 0.625000 -0.250000
v 0.375000 0.625000 -0.162633
v 0.375000 0.500000 -0.178062
v 0.301122 0.500000 -0.250000
v 0.375000 0.625000 -0.162633
v 0.375000 0.500000 0.297436
v 0.375000 0.625000 0.331795
v 0.250000 0.500000 0.342692
v 0.250000 0.500000 0.342692
v 0.375000 0.625000 0.331795
v 0.250000 0.625000 0.325292
v 0.250000 0.625000 -0.275512
v 0.250000 0.654364 -0.250000
v 0.276301 0.625000 -0.250000
v 0.276301 0.625000 -0.250000
v 0.250000 0.654364 -0.250000
v 0.250000 0.750000 -0.171352
v 0.276301 0.625000 -0.250000
v 0.250000 0.750000 -0.171352
v 0.375000 0.625000 -0.162633
v 0.375000 0.625000 -0.162633
v 0.250000 0.750000 -0.171352
v 0.375000 0.750000 -0.137334
v 0.375000 0.625000 0.331795
v 0.375000 0.750000 0.346801
v 0.250000 0.625000 0.325292
v 0.250000 0.625000 0.325292
v 0.375000 0.750000 0.346801
v 0.250000 0.750000 0.281052
v 0.250000 0.750000 -0.171352
v 0.375000 0.800325 -0.125000
v 0.375000 0.750000 -0.137334
v 0.250000 0.790524 -0.125000
v 0.375000 0.800325 -0.125000
v 0.250000 0.750000 -0.171352
v 0.375000 0.800325 -0.125000
v 0.250000 0.790524 -0.125000
v 0.250000 0.875000 -0.011680
v 0.375000 0.875000 -0.104550
v 0.375000 0.800325 -0.125000
v 0.250000 0.875000 -0.011680
v 0.250000 0.875000 0.212234
v 0.250000 0.820250 0.250000
v 0.275148 0.875000 0.250000
v 0.250000 0.820250 0.250000
v 0.375000 0.875000 0.326961
v 0.275148 0.875000 0.250000
v 0.250000 0.820250 0.250000
v 0.250000 0.750000 0.281052
v 0.375000 0.875000 0.326961
v 0.250000 0.750000 0.281052
v 0.375000 0.750000 0.346801
v 0.375000 0.875000 0.326961
v 0.356766 1.000000 0.000000
v 0.250000 0.875000 -0.011680
v 0.250000 0.882533 0.000000
v 0.356766 1.000000 0.000000
v 0.375000 1.000000 -0.020661
v 0.250000 0.875000 -0.011680
v 0.375000 1.000000 -0.020661
v 0.375000 0.875000 -0.104550
v 0.250000 0.875000 -0.011680
v 0.319789 1.000000 0.125000
v 0.356766 1.000000 0.000000
v 0.250000 0.882533 0.000000
v 0.250000 0.927310 0.125000
v 0.319789 1.000000 0.125000
v 0.250000 0.882533 0.000000
v 0.250000 0.927310 0.125000
v 0.250000 0.875000 0.212234
v 0.275148 0.875000 0.250000
v 0.250000 0.927310 0.125000
v 0.275148 0.875000 0.250000
v 0.319789 1.000000 0.125000
v 0.319789 1.000000 0.125000
v 0.275148 0.875000 0.250000
v 0.362365 1.000000 0.250000
v 0.275148 0.875000 0.250000
v 0.375000 1.000000 0.266867
v 0.362365 1.000000 0.250000
v 0.375000 0.875000 0.326961
v 0.375000 1.000000 0.266867
v 0.275148 0.875000 0.250000
v 0.375000 1.000000 -0.020661
v 0.356766 1.000000 0.000000
v 0.375000 1.017349 0.000000
v 0.375000 1.017349 0.000000
v 0.319789 1.000000 0.125000
v 0.375000 1.064460 0.125000
v 0.356766 1.000000 0.000000
v 0.319789 1.000000 0.125000
v 0.375000 1.017349 0.000000
v 0.375000 1.064460 0.125000
v 0.362365 1.000000 0.250000
v 0.375000 1.018233 0.250000
v 0.319789 1.000000 0.125000
v 0.362365 1.000000 0.250000
v 0.375000 1.064460 0.125000
v 0.362365 1.000000 0.250000
v 0.375000 1.000000 0.266867
v 0.375000 1.018233 0.250000
v 0.375000 -1.000000 -0.158836
v 0.391317 -1.000000 -0.125000
v 0.375000 -1.083593 -0.125000
v 0.401440 -1.000000 0.000000
v 0.375000 -1.083593 -0.125000
v 0.391317 -1.000000 -0.125000
v 0.375000 -1.092704 0.000000
v 0.375000 -1.083593 -0.125000
v 0.401440 -1.000000 0.000000
v 0.378493 -1.000000 0.125000
v 0.375000 -1.092704 0.000000
v 0.401440 -1.000000 0.000000
v 0.375000 -1.042468 0.125000
v 0.375000 -1.092704 0.000000
v 0.378493 -1.000000 0.125000
v 0.378493 -1.000000 0.125000
v 0.375000 -1.000000 0.130916
v 0.375000 -1.042468 0.125000
v 0.375000 -0.875000 -0.147325
v 0.391317 -1.000000 -0.125000
v 0.375000 -1.000000 -0.158836
v 0.383352 -0.875000 -0.125000
v 0.391317 -1.000000 -0.125000
v 0.375000 -0.875000 -0.147325
v 0.391317 -1.000000 -0.125000
v 0.383352 -0.875000 -0.125000
v 0.401440 -1.000000 0.000000
v 0.383352 -0.875000 -0.125000
v 0.395636 -0.875000 0.000000
v 0.401440 -1.000000 0.000000
v 0.401440 -1.000000 0.000000
v 0.395636 -0.875000 0.000000
v 0.378493 -1.000000 0.125000
v 0.395636 -0.875000 0.000000
v 0.384948 -0.875000 0.125000
v 0.378493 -1.000000 0.125000
v 0.384948 -0.875000 0.125000
v 0.375000 -1.000000 0.130916
v 0.378493 -1.000000 0.125000
v 0.375000 -0.875000 0.147699
v 0.375000 -1.000000 0.130916
v 0.384948 -0.875000 0.125000
v 0.375000 -0.750000 -0.160774
v 0.383352 -0.875000 -0.125000
v 0.375000 -0.875000 -0.147325
v 0.395986 -0.750000 -0.125000
v 0.383352 -0.875000 -0.125000
v 0.375000 -0.750000 -0.160774
v 0.383352 -0.875000 -0.125000
v 0.395986 -0.750000 -0.125000
v 0.395636 -0.875000 0.000000
v 0.395986 -0.750000 -0.125000
v 0.398210 -0.750000 0.000000
v 0.395636 -0.875000 0.000000
v 0.395636 -0.875000 0.000000
v 0.398210 -0.750000 0.000000
v 0.384948 -0.875000 0.125000
v 0.398210 -0.750000 0.000000
v 0.391316 -0.750000 0.125000
v 0.384948 -0.875000 0.125000
v 0.391316 -0.750000 0.125000
v 0.375000 -0.875000 0.147699
v 0.384948 -0.875000 0.125000
v 0.375000 -0.750000 0.155257
v 0.375000 -0.875000 0.147699
v 0.391316 -0.750000 0.125000
v 0.375000 -0.750000 -0.160774
v 0.375000 -0.656601 -0.125000
v 0.395986 -0.750000 -0.125000
v 0.375000 -0.625000 -0.107164
v 0.395986 -0.750000 -0.125000
v 0.375000 -0.656601 -0.125000
v 0.375000 -0.625000 -0.107164
v 0.415323 -0.625000 0.000000
v 0.395986 -0.750000 -0.125000
v 0.415323 -0.625000 0.000000
v 0.398210 -0.750000 0.000000
v 0.395986 -0.750000 -0.125000
v 0.398210 -0.750000 0.000000
v 0.415323 -0.625000 0.000000
v 0.391316 -0.750000 0.125000
v 0.415323 -0.625000 0.000000
v 0.385513 -0.625000 0.125000
v 0.391316 -0.750000 0.125000
v 0.385513 -0.625000 0.125000
v 0.375000 -0.750000 0.155257
v 0.391316 -0.750000 0.125000
v 0.375000 -0.625000 0.142972
v 0.375000 -0.750000 0.155257
v 0.385513 -0.625000 0.125000
v 0.375000 -0.500000 -0.150855
v 0.385795 -0.500000 -0.125000
v 0.375000 -0.577622 -0.125000
v 0.375000 -0.577622 -0.125000
v 0.415323 -0.625000 0.000000
v 0.375000 -0.625000 -0.107164
v 0.375000 -0.577622 -0.125000
v 0.385795 -0.500000 -0.125000
v 0.415323 -0.625000 0.000000
v 0.385795 -0.500000 -0.125000
v 0.403511 -0.500000 0.000000
v 0.415323 -0.625000 0.000000
v 0.375000 -0.525456 0.125000
v 0.403511 -0.500000 0.000000
v 0.375000 -0.500000 0.115886
v 0.375000 -0.525456 0.125000
v 0.385513 -0.625000 0.125000
v 0.403511 -0.500000 0.000000
v 0.385513 -0.625000 0.125000
v 0.415323 -0.625000 0.000000
v 0.403511 -0.500000 0.000000
v 0.385513 -0.625000 0.125000
v 0.375000 -0.525456 0.125000
v 0.375000 -0.625000 0.142972
v 0.375000 -0.500000 -0.150855
v 0.375000 -0.443153 -0.125000
v 0.385795 -0.500000 -0.125000
v 0.375000 -0.375000 -0.087642
v 0.385795 -0.500000 -0.125000
v 0.375000 -0.443153 -0.125000
v 0.375000 -0.375000 -0.087642
v 0.404548 -0.375000 0.000000
v 0.385795 -0.500000 -0.125000
v 0.404548 -0.375000 0.000000
v 0.403511 -0.500000 0.000000
v 0.385795 -0.500000 -0.125000
v 0.404548 -0.375000 0.000000
v 0.375000 -0.500000 0.115886
v 0.403511 -0.500000 0.000000
v 0.375000 -0.375000 0.110796
v 0.375000 -0.500000 0.115886
v 0.404548 -0.375000 0.000000
v 0.375000 -0.250000 -0.132433
v 0.378553 -0.250000 -0.125000
v 0.375000 -0.273389 -0.125000
v 0.375000 -0.273389 -0.125000
v 0.404548 -0.375000 0.000000
v 0.375000 -0.375000 -0.087642
v 0.375000 -0.273389 -0.125000
v 0.378553 -0.250000 -0.125000
v 0.404548 -0.375000 0.000000
v 0.378553 -0.250000 -0.125000
v 0.401522 -0.250000 0.000000
v 0.404548 -0.375000 0.000000
v 0.375000 -0.375000 0.110796
v 0.384290 -0.250000 0.125000
v 0.375000 -0.333791 0.125000
v 0.375000 -0.375000 0.110796
v 0.404548 -0.375000 0.000000
v 0.384290 -0.250000 0.125000
v 0.404548 -0.375000 0.000000
v 0.401522 -0.250000 0.000000
v 0.384290 -0.250000 0.125000
v 0.384290 -0.250000 0.125000
v 0.375000 -0.250000 0.150160
v 0.375000 -0.333791 0.125000
v 0.375000 -0.125000 -0.126060
v 0.378553 -0.250000 -0.125000
v 0.375000 -0.250000 -0.132433
v 0.375498 -0.125000 -0.125000
v 0.378553 -0.250000 -0.125000
v 0.375000 -0.125000 -0.126060
v 0.378553 -0.250000 -0.125000
v 0.375498 -0.125000 -0.125000
v 0.401522 -0.250000 0.000000
v 0.375498 -0.125000 -0.125000
v 0.385133 -0.125000 0.000000
v 0.401522 -0.250000 0.000000
v 0.401522 -0.250000 0.000000
v 0.385133 -0.125000 0.000000
v 0.384290 -0.250000 0.125000
v 0.385133 -0.125000 0.000000
v 0.395567 -0.125000 0.125000
v 0.384290 -0.250000 0.125000
v 0.395567 -0.125000 0.125000
v 0.375000 -0.250000 0.150160
v 0.384290 -0.250000 0.125000
v 0.375000 -0.125000 0.170804
v 0.375000 -0.250000 0.150160
v 0.395567 -0.125000 0.125000
v 0.375000 0.000000 -0.148279
v 0.375498 -0.125000 -0.125000
v 0.375000 -0.125000 -0.126060
v 0.386086 0.000000 -0.125000
v 0.375498 -0.125000 -0.125000
v 0.375000 0.000000 -0.148279
v 0.375498 -0.125000 -0.125000
v 0.386086 0.000000 -0.125000
v 0.385133 -0.125000 0.000000
v 0.386086 0.000000 -0.125000
v 0.387311 0.000000 0.000000
v 0.385133 -0.125000 0.000000
v 0.385133 -0.125000 0.000000
v 0.387311 0.000000 0.000000
v 0.395567 -0.125000 0.125000
v 0.387311 0.000000 0.000000
v 0.384832 0.000000 0.125000
v 0.395567 -0.125000 0.125000
v 0.384832 0.000000 0.125000
v 0.375000 -0.125000 0.170804
v 0.395567 -0.125000 0.125000
v 0.375000 0.000000 0.150384
v 0.375000 -0.125000 0.170804
v 0.384832 0.000000 0.125000
v 0.375000 0.000000 -0.148279
v 0.375000 0.088269 -0.125000
v 0.386086 0.000000 -0.125000
v 0.375000 0.125000 -0.104391
v 0.386086 0.000000 -0.125000
v 0.375000 0.088269 -0.125000
v 0.375000 0.125000 -0.104391
v 0.400437 0.125000 0.000000
v 0.386086 0.000000 -0.125000
v 0.400437 0.125000 0.000000
v 0.387311 0.000000 0.000000
v 0.386086 0.000000 -0.125000
v 0.387311 0.000000 0.000000
v 0.400437 0.125000 0.000000
v 0.384832 0.000000 0.125000
v 0.400437 0.125000 0.000000
v 0.380062 0.125000 0.125000
v 0.384832 0.000000 0.125000
v 0.380062 0.125000 0.125000
v 0.375000 0.000000 0.150384
v 0.384832 0.000000 0.125000
v 0.375000 0.125000 0.134887
v 0.375000 0.000000 0.150384
v 0.380062 0.125000 0.125000
v 0.375000 0.250000 -0.179038
v 0.403087 0.250000 -0.125000
v 0.375000 0.143563 -0.125000
v 0.375000 0.143563 -0.125000
v 0.400437 0.125000 0.000000
v 0.375000 0.125000 -0.104391
v 0.375000 0.143563 -0.125000
v 0.403087 0.250000 -0.125000
v 0.400437 0.125000 0.000000
v 0.403087 0.250000 -0.125000
v 0.403702 0.250000 0.000000
v 0.400437 0.125000 0.000000
v 0.375000 0.246800 0.125000
v 0.403702 0.250000 0.000000
v 0.375000 0.250000 0.124464
v 0.375000 0.246800 0.125000
v 0.380062 0.125000 0.125000
v 0.403702 0.250000 0.000000
v 0.380062 0.125000 0.125000
v 0.400437 0.125000 0.000000
v 0.403702 0.250000 0.000000
v 0.380062 0.125000 0.125000
v 0.375000 0.246800 0.125000
v 0.375000 0.125000 0.134887
v 0.375000 0.375000 -0.181325
v 0.403087 0.250000 -0.125000
v 0.375000 0.250000 -0.179038
v 0.426507 0.375000 -0.125000
v 0.403087 0.250000 -0.125000
v 0.375000 0.375000 -0.181325
v 0.403087 0.250000 -0.125000
v 0.426507 0.375000 -0.125000
v 0.403702 0.250000 0.000000
v 0.426507 0.375000 -0.125000
v 0.458484 0.375000 0.000000
v 0.403702 0.250000 0.000000
v 0.375000 0.250000 0.124464
v 0.491940 0.375000 0.125000
v 0.375000 0.250260 0.125000
v 0.375000 0.250000 0.124464
v 0.403702 0.250000 0.000000
v 0.491940 0.375000 0.125000
v 0.403702 0.250000 0.000000
v 0.458484 0.375000 0.000000
v 0.491940 0.375000 0.125000
v 0.491940 0.375000 0.125000
v 0.375000 0.375000 0.222446
v 0.375000 0.250260 0.125000
v 0.375000 0.500000 -0.178062
v 0.426507 0.375000 -0.125000
v 0.375000 0.375000 -0.181325
v 0.425193 0.500000 -0.125000
v 0.426507 0.375000 -0.125000
v 0.375000 0.500000 -0.178062
v 0.500000 0.500000 -0.057151
v 0.500000 0.432172 0.000000
v 0.458484 0.375000 0.000000
v 0.500000 0.500000 -0.057151
v 0.458484 0.375000 0.000000
v 0.425193 0.500000 -0.125000
v 0.425193 0.500000 -0.125000
v 0.458484 0.375000 0.000000
v 0.426507 0.375000 -0.125000
v 0.500000 0.432172 0.000000
v 0.500000 0.385303 0.125000
v 0.491940 0.375000 0.125000
v 0.458484 0.375000 0.000000
v 0.500000 0.432172 0.000000
v 0.491940 0.375000 0.125000
v 0.375000 0.375000 0.222446
v 0.499062 0.500000 0.250000
v 0.375000 0.413621 0.250000
v 0.491940 0.375000 0.125000
v 0.499062 0.500000 0.250000
v 0.375000 0.375000 0.222446
v 0.491940 0.375000 0.125000
v 0.500000 0.500000 0.249226
v 0.499062 0.500000 0.250000
v 0.491940 0.375000 0.125000
v 0.500000 0.385303 0.125000
v 0.500000 0.500000 0.249226
v 0.499062 0.500000 0.250000
v 0.375000 0.500000 0.297436
v 0.375000 0.413621 0.250000
v 0.375000 0.625000 -0.162633
v 0.425193 0.500000 -0.125000
v 0.375000 0.500000 -0.178062
v 0.472996 0.625000 -0.125000
v 0.425193 0.500000 -0.125000
v 0.375000 0.625000 -0.162633
v 0.425193 0.500000 -0.125000
v 0.472996 0.625000 -0.125000
v 0.500000 0.625000 -0.117428
v 0.500000 0.500000 -0.057151
v 0.425193 0.500000 -0.125000
v 0.500000 0.625000 -0.117428
v 0.500000 0.500000 0.249226
v 0.500000 0.500522 0.250000
v 0.499062 0.500000 0.250000
v 0.500000 0.500522 0.250000
v 0.375000 0.500000 0.297436
v 0.499062 0.500000 0.250000
v 0.500000 0.500522 0.250000
v 0.500000 0.625000 0.315398
v 0.375000 0.500000 0.297436
v 0.500000 0.625000 0.315398
v 0.375000 0.625000 0.331795
v 0.375000 0.500000 0.297436
v 0.472996 0.625000 -0.125000
v 0.500000 0.750000 -0.148263
v 0.500000 0.647987 -0.125000
v 0.472996 0.625000 -0.125000
v 0.375000 0.625000 -0.162633
v 0.500000 0.750000 -0.148263
v 0.375000 0.625000 -0.162633
v 0.375000 0.750000 -0.137334
v 0.500000 0.750000 -0.148263
v 0.472996 0.625000 -0.125000
v 0.500000 0.647987 -0.125000
v 0.500000 0.625000 -0.117428
v 0.500000 0.744920 0.375000
v 0.488308 0.750000 0.375000
v 0.375000 0.750000 0.346801
v 0.500000 0.744920 0.375000
v 0.375000 0.750000 0.346801
v 0.500000 0.625000 0.315398
v 0.500000 0.625000 0.315398
v 0.375000 0.750000 0.346801
v 0.375000 0.625000 0.331795
v 0.500000 0.744920 0.375000
v 0.500000 0.750000 0.377575
v 0.488308 0.750000 0.375000
v 0.444218 0.875000 -0.125000
v 0.375000 0.750000 -0.137334
v 0.375000 0.800325 -0.125000
v 0.444218 0.875000 -0.125000
v 0.500000 0.875000 -0.135360
v 0.375000 0.750000 -0.137334
v 0.500000 0.875000 -0.135360
v 0.500000 0.750000 -0.148263
v 0.375000 0.750000 -0.137334
v 0.444218 0.875000 -0.125000
v 0.375000 0.800325 -0.125000
v 0.375000 0.875000 -0.104550
v 0.375000 0.875000 0.326961
v 0.375000 0.750000 0.346801
v 0.488308 0.750000 0.375000
v 0.451582 0.875000 0.375000
v 0.375000 0.875000 0.326961
v 0.488308 0.750000 0.375000
v 0.488308 0.750000 0.375000
v 0.500000 0.875000 0.398700
v 0.451582 0.875000 0.375000
v 0.500000 0.750000 0.377575
v 0.500000 0.875000 0.398700
v 0.488308 0.750000 0.375000
v 0.500000 0.875000 -0.135360
v 0.444218 0.875000 -0.125000
v 0.500000 0.914405 -0.125000
v 0.500000 0.914405 -0.125000
v 0.444218 0.875000 -0.125000
v 0.375000 0.875000 -0.104550
v 0.500000 0.914405 -0.125000
v 0.375000 0.875000 -0.104550
v 0.500000 1.000000 -0.087305
v 0.500000 1.000000 -0.087305
v 0.375000 0.875000 -0.104550
v 0.375000 1.000000 -0.020661
v 0.451582 0.875000 0.375000
v 0.500000 0.982727 0.375000
v 0.500000 1.000000 0.369827
v 0.451582 0.875000 0.375000
v 0.500000 1.000000 0.369827
v 0.375000 0.875000 0.326961
v 0.375000 0.875000 0.326961
v 0.500000 1.000000 0.369827
v 0.375000 1.000000 0.266867
v 0.451582 0.875000 0.375000
v 0.500000 0.875000 0.398700
v 0.500000 0.982727 0.375000
v 0.479748 1.125000 0.000000
v 0.375000 1.000000 -0.020661
v 0.375000 1.017349 0.000000
v 0.479748 1.125000 0.000000
v 0.500000 1.125000 -0.017808
v 0.375000 1.000000 -0.020661
v 0.500000 1.125000 -0.017808
v 0.500000 1.000000 -0.087305
v 0.375000 1.000000 -0.020661
v 0.415591 1.125000 0.125000
v 0.479748 1.125000 0.000000
v 0.375000 1.017349 0.000000
v 0.375000 1.064460 0.125000
v 0.415591 1.125000 0.125000
v 0.375000 1.017349 0.000000
v 0.461562 1.125000 0.250000
v 0.415591 1.125000 0.125000
v 0.375000 1.064460 0.125000
v 0.375000 1.018233 0.250000
v 0.461562 1.125000 0.250000
v 0.375000 1.064460 0.125000
v 0.375000 1.018233 0.250000
v 0.500000 1.125000 0.327801
v 0.461562 1.125000 0.250000
v 0.375000 1.018233 0.250000
v 0.375000 1.000000 0.266867
v 0.500000 1.125000 0.327801
v 0.375000 1.000000 0.266867
v 0.500000 1.000000 0.369827
v 0.500000 1.125000 0.327801
v 0.500000 1.125000 -0.017808
v 0.479748 1.125000 0.000000
v 0.500000 1.149699 0.000000
v 0.500000 1.149699 0.000000
v 0.415591 1.125000 0.125000
v 0.500000 1.215338 0.125000
v 0.479748 1.125000 0.000000
v 0.415591 1.125000 0.125000
v 0.500000 1.149699 0.000000
v 0.500000 1.215338 0.125000
v 0.461562 1.125000 0.250000
v 0.500000 1.171225 0.250000
v 0.415591 1.125000 0.125000
v 0.461562 1.125000 0.250000
v 0.500000 1.215338 0.125000
v 0.461562 1.125000 0.250000
v 0.500000 1.125000 0.327801
v 0.500000 1.171225 0.250000
v 0.500000 0.500000 -0.057151
v 0.547252 0.500000 0.000000
v 0.500000 0.432172 0.000000
v 0.566093 0.500000 0.125000
v 0.500000 0.432172 0.000000
v 0.547252 0.500000 0.000000
v 0.500000 0.385303 0.125000
v 0.500000 0.432172 0.000000
v 0.566093 0.500000 0.125000
v 0.566093 0.500000 0.125000
v 0.500000 0.500000 0.249226
v 0.500000 0.385303 0.125000
v 0.500000 0.625000 -0.117428
v 0.547252 0.500000 0.000000
v 0.500000 0.500000 -0.057151
v 0.606877 0.625000 0.000000
v 0.547252 0.500000 0.000000
v 0.500000 0.625000 -0.117428
v 0.625000 0.625000 0.036064
v 0.625000 0.564880 0.125000
v 0.566093 0.500000 0.125000
v 0.625000 0.625000 0.036064
v 0.566093 0.500000 0.125000
v 0.606877 0.625000 0.000000
v 0.606877 0.625000 0.000000
v 0.566093 0.500000 0.125000
v 0.547252 0.500000 0.000000
v 0.500000 0.500000 0.249226
v 0.566093 0.500000 0.125000
v 0.625000 0.564880 0.125000
v 0.500000 0.500000 0.249226
v 0.625000 0.564880 0.125000
v 0.500000 0.500522 0.250000
v 0.500000 0.500522 0.250000
v 0.625000 0.564880 0.125000
v 0.625000 0.624597 0.250000
v 0.625000 0.624597 0.250000
v 0.500000 0.625000 0.315398
v 0.500000 0.500522 0.250000
v 0.625000 0.625000 0.250353
v 0.500000 0.625000 0.315398
v 0.625000 0.624597 0.250000
v 0.500000 0.750000 -0.148263
v 0.562003 0.750000 -0.125000
v 0.500000 0.647987 -0.125000
v 0.606877 0.625000 0.000000
v 0.625000 0.750000 -0.081345
v 0.625000 0.654798 0.000000
v 0.500000 0.625000 -0.117428
v 0.625000 0.750000 -0.081345
v 0.606877 0.625000 0.000000
v 0.500000 0.625000 -0.117428
v 0.562003 0.750000 -0.125000
v 0.625000 0.750000 -0.081345
v 0.500000 0.625000 -0.117428
v 0.500000 0.647987 -0.125000
v 0.562003 0.750000 -0.125000
v 0.606877 0.625000 0.000000
v 0.625000 0.654798 0.000000
v 0.625000 0.625000 0.036064
v 0.507295 0.750000 0.375000
v 0.500000 0.744920 0.375000
v 0.500000 0.625000 0.315398
v 0.507295 0.750000 0.375000
v 0.500000 0.625000 0.315398
v 0.625000 0.750000 0.318623
v 0.625000 0.750000 0.318623
v 0.500000 0.625000 0.315398
v 0.625000 0.625000 0.250353
v 0.507295 0.750000 0.375000
v 0.500000 0.750000 0.377575
v 0.500000 0.744920 0.375000
v 0.500000 0.875000 -0.135360
v 0.562003 0.750000 -0.125000
v 0.500000 0.750000 -0.148263
v 0.550402 0.875000 -0.125000
v 0.562003 0.750000 -0.125000
v 0.500000 0.875000 -0.135360
v 0.562003 0.750000 -0.125000
v 0.550402 0.875000 -0.125000
v 0.625000 0.875000 -0.104609
v 0.625000 0.750000 -0.081345
v 0.562003 0.750000 -0.125000
v 0.625000 0.875000 -0.104609
v 0.625000 0.750000 0.318623
v 0.625000 0.851764 0.375000
v 0.507295 0.750000 0.375000
v 0.625000 0.851764 0.375000
v 0.500000 0.750000 0.377575
v 0.507295 0.750000 0.375000
v 0.625000 0.851764 0.375000
v 0.625000 0.875000 0.385682
v 0.500000 0.750000 0.377575
v 0.625000 0.875000 0.385682
v 0.500000 0.875000 0.398700
v 0.500000 0.750000 0.377575
v 0.500000 0.875000 -0.135360
v 0.500000 0.914405 -0.125000
v 0.550402 0.875000 -0.125000
v 0.550402 0.875000 -0.125000
v 0.500000 0.914405 -0.125000
v 0.500000 1.000000 -0.087305
v 0.550402 0.875000 -0.125000
v 0.500000 1.000000 -0.087305
v 0.625000 0.875000 -0.104609
v 0.625000 0.875000 -0.104609
v 0.500000 1.000000 -0.087305
v 0.625000 1.000000 -0.099403
v 0.500000 1.000000 0.369827
v 0.500000 0.982727 0.375000
v 0.516554 1.000000 0.375000
v 0.500000 0.982727 0.375000
v 0.625000 1.000000 0.405144
v 0.516554 1.000000 0.375000
v 0.500000 0.982727 0.375000
v 0.500000 0.875000 0.398700
v 0.625000 1.000000 0.405144
v 0.500000 0.875000 0.398700
v 0.625000 0.875000 0.385682
v 0.625000 1.000000 0.405144
v 0.625000 1.000000 -0.099403
v 0.500000 1.000000 -0.087305
v 0.625000 1.125000 -0.068806
v 0.500000 1.000000 -0.087305
v 0.500000 1.125000 -0.017808
v 0.625000 1.125000 -0.068806
v 0.500000 1.125000 0.327801
v 0.500000 1.000000 0.369827
v 0.516554 1.000000 0.375000
v 0.546024 1.125000 0.375000
v 0.500000 1.125000 0.327801
v 0.516554 1.000000 0.375000
v 0.516554 1.000000 0.375000
v 0.625000 1.125000 0.412408
v 0.546024 1.125000 0.375000
v 0.625000 1.000000 0.405144
v 0.625000 1.125000 0.412408
v 0.516554 1.000000 0.375000
v 0.619121 1.250000 0.000000
v 0.500000 1.125000 -0.017808
v 0.500000 1.149699 0.000000
v 0.619121 1.250000 0.000000
v 0.625000 1.250000 -0.003922
v 0.500000 1.125000 -0.017808
v 0.625000 1.250000 -0.003922
v 0.625000 1.125000 -0.068806
v 0.500000 1.125000 -0.017808
v 0.538342 1.250000 0.125000
v 0.619121 1.250000 0.000000
v 0.500000 1.149699 0.000000
v 0.500000 1.215338 0.125000
v 0.538342 1.250000 0.125000
v 0.500000 1.149699 0.000000
v 0.545377 1.250000 0.250000
v 0.538342 1.250000 0.125000
v 0.500000 1.215338 0.125000
v 0.500000 1.171225 0.250000
v 0.545377 1.250000 0.250000
v 0.500000 1.215338 0.125000
v 0.546024 1.125000 0.375000
v 0.625000 1.189297 0.375000
v 0.625000 1.250000 0.344079
v 0.500000 1.125000 0.327801
v 0.546024 1.125000 0.375000
v 0.625000 1.250000 0.344079
v 0.500000 1.125000 0.327801
v 0.625000 1.250000 0.344079
v 0.545377 1.250000 0.250000
v 0.500000 1.125000 0.327801
v 0.545377 1.250000 0.250000
v 0.500000 1.171225 0.250000
v 0.546024 1.125000 0.375000
v 0.625000 1.125000 0.412408
v 0.625000 1.189297 0.375000
v 0.625000 1.250000 -0.003922
v 0.619121 1.250000 0.000000
v 0.625000 1.255970 0.000000
v 0.625000 1.255970 0.000000
v 0.620363 1.375000 0.125000
v 0.625000 1.375000 0.118578
v 0.625000 1.255970 0.000000
v 0.619121 1.250000 0.000000
v 0.620363 1.375000 0.125000
v 0.619121 1.250000 0.000000
v 0.538342 1.250000 0.125000
v 0.620363 1.375000 0.125000
v 0.538342 1.250000 0.125000
v 0.545377 1.250000 0.250000
v 0.620363 1.375000 0.125000
v 0.620363 1.375000 0.125000
v 0.545377 1.250000 0.250000
v 0.616889 1.375000 0.250000
v 0.545377 1.250000 0.250000
v 0.625000 1.375000 0.263400
v 0.616889 1.375000 0.250000
v 0.625000 1.250000 0.344079
v 0.625000 1.375000 0.263400
v 0.545377 1.250000 0.250000
v 0.625000 1.375000 0.118578
v 0.620363 1.375000 0.125000
v 0.625000 1.380192 0.125000
v 0.625000 1.380192 0.125000
v 0.616889 1.375000 0.250000
v 0.625000 1.383701 0.250000
v 0.620363 1.375000 0.125000
v 0.616889 1.375000 0.250000
v 0.625000 1.380192 0.125000
v 0.616889 1.375000 0.250000
v 0.625000 1.375000 0.263400
v 0.625000 1.383701 0.250000
v 0.625000 0.625000 0.036064
v 0.665896 0.625000 0.125000
v 0.625000 0.564880 0.125000
v 0.625349 0.625000 0.250000
v 0.625000 0.564880 0.125000
v 0.665896 0.625000 0.125000
v 0.625000 0.624597 0.250000
v 0.625000 0.564880 0.125000
v 0.625349 0.625000 0.250000
v 0.625349 0.625000 0.250000
v 0.625000 0.625000 0.250353
v 0.625000 0.624597 0.250000
v 0.625000 0.750000 -0.081345
v 0.697794 0.750000 0.000000
v 0.625000 0.654798 0.000000
v 0.625000 0.654798 0.000000
v 0.665896 0.625000 0.125000
v 0.625000 0.625000 0.036064
v 0.625000 0.654798 0.000000
v 0.697794 0.750000 0.000000
v 0.665896 0.625000 0.125000
v 0.697794 0.750000 0.000000
v 0.740624 0.750000 0.125000
v 0.665896 0.625000 0.125000
v 0.665896 0.625000 0.125000
v 0.740624 0.750000 0.125000
v 0.625349 0.625000 0.250000
v 0.740624 0.750000 0.125000
v 0.712310 0.750000 0.250000
v 0.625349 0.625000 0.250000
v 0.712310 0.750000 0.250000
v 0.625000 0.625000 0.250353
v 0.625349 0.625000 0.250000
v 0.625000 0.750000 0.318623
v 0.625000 0.625000 0.250353
v 0.712310 0.750000 0.250000
v 0.697794 0.750000 0.000000
v 0.750000 0.875000 -0.019293
v 0.750000 0.843483 0.000000
v 0.697794 0.750000 0.000000
v 0.625000 0.750000 -0.081345
v 0.750000 0.875000 -0.019293
v 0.625000 0.750000 -0.081345
v 0.625000 0.875000 -0.104609
v 0.750000 0.875000 -0.019293
v 0.750000 0.843483 0.000000
v 0.750000 0.766170 0.125000
v 0.740624 0.750000 0.125000
v 0.697794 0.750000 0.000000
v 0.750000 0.843483 0.000000
v 0.740624 0.750000 0.125000
v 0.750000 0.766170 0.125000
v 0.750000 0.777288 0.250000
v 0.712310 0.750000 0.250000
v 0.740624 0.750000 0.125000
v 0.750000 0.766170 0.125000
v 0.712310 0.750000 0.250000
v 0.625000 0.750000 0.318623
v 0.648326 0.875000 0.375000
v 0.625000 0.851764 0.375000
v 0.712310 0.750000 0.250000
v 0.648326 0.875000 0.375000
v 0.625000 0.750000 0.318623
v 0.712310 0.750000 0.250000
v 0.750000 0.875000 0.331754
v 0.648326 0.875000 0.375000
v 0.712310 0.750000 0.250000
v 0.750000 0.777288 0.250000
v 0.750000 0.875000 0.331754
v 0.648326 0.875000 0.375000
v 0.625000 0.875000 0.385682
v 0.625000 0.851764 0.375000
v 0.750000 0.875000 -0.019293
v 0.625000 0.875000 -0.104609
v 0.750000 1.000000 -0.066328
v 0.625000 0.875000 -0.104609
v 0.625000 1.000000 -0.099403
v 0.750000 1.000000 -0.066328
v 0.750000 0.875000 0.331754
v 0.750000 0.934760 0.375000
v 0.648326 0.875000 0.375000
v 0.750000 0.934760 0.375000
v 0.625000 0.875000 0.385682
v 0.648326 0.875000 0.375000
v 0.750000 0.934760 0.375000
v 0.750000 1.000000 0.415641
v 0.625000 0.875000 0.385682
v 0.750000 1.000000 0.415641
v 0.625000 1.000000 0.405144
v 0.625000 0.875000 0.385682
v 0.750000 1.000000 -0.066328
v 0.625000 1.000000 -0.099403
v 0.750000 1.125000 -0.090932
v 0.625000 1.000000 -0.099403
v 0.625000 1.125000 -0.068806
v 0.750000 1.125000 -0.090932
v 0.750000 1.000000 0.415641
v 0.750000 1.125000 0.435306
v 0.625000 1.000000 0.405144
v 0.625000 1.000000 0.405144
v 0.750000 1.125000 0.435306
v 0.625000 1.125000 0.412408
v 0.750000 1.125000 -0.090932
v 0.625000 1.125000 -0.068806
v 0.750000 1.250000 -0.037037
v 0.625000 1.125000 -0.068806
v 0.625000 1.250000 -0.003922
v 0.750000 1.250000 -0.037037
v 0.625000 1.250000 0.344079
v 0.625000 1.189297 0.375000
v 0.661334 1.250000 0.375000
v 0.625000 1.189297 0.375000
v 0.750000 1.250000 0.442316
v 0.661334 1.250000 0.375000
v 0.625000 1.189297 0.375000
v 0.625000 1.125000 0.412408
v 0.750000 1.250000 0.442316
v 0.625000 1.125000 0.412408
v 0.750000 1.125000 0.435306
v 0.750000 1.250000 0.442316
v 0.748847 1.375000 0.000000
v 0.625000 1.250000 -0.003922
v 0.625000 1.255970 0.000000
v 0.748847 1.375000 0.000000
v 0.750000 1.375000 -0.000645
v 0.625000 1.250000 -0.003922
v 0.750000 1.375000 -0.000645
v 0.750000 1.250000 -0.037037
v 0.625000 1.250000 -0.003922
v 0.748847 1.375000 0.000000
v 0.625000 1.255970 0.000000
v 0.625000 1.375000 0.118578
v 0.625000 1.375000 0.263400
v 0.625000 1.250000 0.344079
v 0.661334 1.250000 0.375000
v 0.746337 1.375000 0.375000
v 0.625000 1.375000 0.263400
v 0.661334 1.250000 0.375000
v 0.661334 1.250000 0.375000
v 0.750000 1.375000 0.377454
v 0.746337 1.375000 0.375000
v 0.750000 1.250000 0.442316
v 0.750000 1.375000 0.377454
v 0.661334 1.250000 0.375000
v 0.750000 1.375000 -0.000645
v 0.748847 1.375000 0.000000
v 0.750000 1.375689 0.000000
v 0.625000 1.375000 0.118578
v 0.750000 1.375689 0.000000
v 0.748847 1.375000 0.000000
v 0.625000 1.375000 0.118578
v 0.625000 1.380192 0.125000
v 0.750000 1.375689 0.000000
v 0.625000 1.380192 0.125000
v 0.750000 1.432540 0.125000
v 0.750000 1.375689 0.000000
v 0.750000 1.432540 0.125000
v 0.625000 1.380192 0.125000
v 0.750000 1.468139 0.250000
v 0.750000 1.468139 0.250000
v 0.625000 1.380192 0.125000
v 0.625000 1.383701 0.250000
v 0.746337 1.375000 0.375000
v 0.625000 1.383701 0.250000
v 0.625000 1.375000 0.263400
v 0.746337 1.375000 0.375000
v 0.750000 1.378416 0.375000
v 0.625000 1.383701 0.250000
v 0.750000 1.378416 0.375000
v 0.750000 1.468139 0.250000
v 0.625000 1.383701 0.250000
v 0.746337 1.375000 0.375000
v 0.750000 1.375000 0.377454
v 0.750000 1.378416 0.375000
v 0.750000 0.875000 -0.019293
v 0.768638 0.875000 0.000000
v 0.750000 0.843483 0.000000
v 0.831999 0.875000 0.125000
v 0.750000 0.843483 0.000000
v 0.768638 0.875000 0.000000
v 0.750000 0.766170 0.125000
v 0.750000 0.843483 0.000000
v 0.831999 0.875000 0.125000
v 0.838524 0.875000 0.250000
v 0.750000 0.766170 0.125000
v 0.831999 0.875000 0.125000
v 0.750000 0.777288 0.250000
v 0.750000 0.766170 0.125000
v 0.838524 0.875000 0.250000
v 0.838524 0.875000 0.250000
v 0.750000 0.875000 0.331754
v 0.750000 0.777288 0.250000
v 0.768638 0.875000 0.000000
v 0.875000 1.000000 -0.010172
v 0.875000 0.985799 0.000000
v 0.768638 0.875000 0.000000
v 0.750000 0.875000 -0.019293
v 0.875000 1.000000 -0.010172
v 0.750000 0.875000 -0.019293
v 0.750000 1.000000 -0.066328
v 0.875000 1.000000 -0.010172
v 0.875000 0.985799 0.000000
v 0.875000 0.913464 0.125000
v 0.831999 0.875000 0.125000
v 0.768638 0.875000 0.000000
v 0.875000 0.985799 0.000000
v 0.831999 0.875000 0.125000
v 0.875000 0.913464 0.125000
v 0.875000 0.935974 0.250000
v 0.838524 0.875000 0.250000
v 0.831999 0.875000 0.125000
v 0.875000 0.913464 0.125000
v 0.838524 0.875000 0.250000
v 0.750000 0.875000 0.331754
v 0.857211 1.000000 0.375000
v 0.750000 0.934760 0.375000
v 0.838524 0.875000 0.250000
v 0.857211 1.000000 0.375000
v 0.750000 0.875000 0.331754
v 0.838524 0.875000 0.250000
v 0.875000 1.000000 0.352337
v 0.857211 1.000000 0.375000
v 0.838524 0.875000 0.250000
v 0.875000 0.935974 0.250000
v 0.875000 1.000000 0.352337
v 0.857211 1.000000 0.375000
v 0.750000 1.000000 0.415641
v 0.750000 0.934760 0.375000
v 0.875000 1.000000 -0.010172
v 0.750000 1.000000 -0.066328
v 0.875000 1.125000 -0.036554
v 0.750000 1.000000 -0.066328
v 0.750000 1.125000 -0.090932
v 0.875000 1.125000 -0.036554
v 0.875000 1.000000 0.352337
v 0.875000 1.021605 0.375000
v 0.857211 1.000000 0.375000
v 0.875000 1.021605 0.375000
v 0.750000 1.000000 0.415641
v 0.857211 1.000000 0.375000
v 0.875000 1.021605 0.375000
v 0.875000 1.125000 0.425325
v 0.750000 1.000000 0.415641
v 0.875000 1.125000 0.425325
v 0.750000 1.125000 0.435306
v 0.750000 1.000000 0.415641
v 0.875000 1.125000 -0.036554
v 0.750000 1.125000 -0.090932
v 0.875000 1.250000 -0.030150
v 0.750000 1.125000 -0.090932
v 0.750000 1.250000 -0.037037
v 0.875000 1.250000 -0.030150
v 0.875000 1.125000 0.425325
v 0.875000 1.250000 0.440842
v 0.750000 1.125000 0.435306
v 0.750000 1.125000 0.435306
v 0.875000 1.250000 0.440842
v 0.750000 1.250000 0.442316
v 0.875000 1.318886 0.000000
v 0.750000 1.375000 -0.000645
v 0.753096 1.375000 0.000000
v 0.875000 1.318886 0.000000
v 0.875000 1.250000 -0.030150
v 0.750000 1.375000 -0.000645
v 0.875000 1.250000 -0.030150
v 0.750000 1.250000 -0.037037
v 0.750000 1.375000 -0.000645
v 0.875000 1.318886 0.000000
v 0.753096 1.375000 0.000000
v 0.875000 1.375000 0.034457
v 0.875000 1.250000 0.440842
v 0.875000 1.375000 0.401609
v 0.750000 1.250000 0.442316
v 0.750000 1.250000 0.442316
v 0.875000 1.375000 0.401609
v 0.750000 1.375000 0.377454
v 0.750000 1.375000 -0.000645
v 0.750000 1.375689 0.000000
v 0.753096 1.375000 0.000000
v 0.753096 1.375000 0.000000
v 0.875000 1.476669 0.125000
v 0.875000 1.375000 0.034457
v 0.753096 1.375000 0.000000
v 0.750000 1.375689 0.000000
v 0.875000 1.476669 0.125000
v 0.750000 1.375689 0.000000
v 0.750000 1.432540 0.125000
v 0.875000 1.476669 0.125000
v 0.792094 1.500000 0.250000
v 0.875000 1.500000 0.156132
v 0.875000 1.476669 0.125000
v 0.792094 1.500000 0.250000
v 0.875000 1.476669 0.125000
v 0.750000 1.468139 0.250000
v 0.750000 1.468139 0.250000
v 0.875000 1.476669 0.125000
v 0.750000 1.432540 0.125000
v 0.875000 1.500000 0.347998
v 0.792094 1.500000 0.250000
v 0.750000 1.468139 0.250000
v 0.875000 1.500000 0.347998
v 0.750000 1.468139 0.250000
v 0.875000 1.454941 0.375000
v 0.875000 1.454941 0.375000
v 0.750000 1.468139 0.250000
v 0.750000 1.378416 0.375000
v 0.875000 1.375000 0.401609
v 0.750000 1.378416 0.375000
v 0.750000 1.375000 0.377454
v 0.875000 1.454941 0.375000
v 0.750000 1.378416 0.375000
v 0.875000 1.375000 0.401609
v 0.875000 1.500000 0.156132
v 0.792094 1.500000 0.250000
v 0.875000 1.595440 0.250000
v 0.792094 1.500000 0.250000
v 0.875000 1.500000 0.347998
v 0.875000 1.595440 0.250000
v 0.875000 1.000000 -0.010172
v 0.886125 1.000000 0.000000
v 0.875000 0.985799 0.000000
v 0.944703 1.000000 0.125000
v 0.875000 0.985799 0.000000
v 0.886125 1.000000 0.000000
v 0.875000 0.913464 0.125000
v 0.875000 0.985799 0.000000
v 0.944703 1.000000 0.125000
v 0.935605 1.000000 0.250000
v 0.875000 0.913464 0.125000
v 0.944703 1.000000 0.125000
v 0.875000 0.935974 0.250000
v 0.875000 0.913464 0.125000
v 0.935605 1.000000 0.250000
v 0.935605 1.000000 0.250000
v 0.875000 1.000000 0.352337
v 0.875000 0.935974 0.250000
v 0.875000 1.125000 -0.036554
v 0.886125 1.000000 0.000000
v 0.875000 1.000000 -0.010172
v 0.931967 1.125000 0.000000
v 0.886125 1.000000 0.000000
v 0.875000 1.125000 -0.036554
v 1.000000 1.125000 0.065999
v 1.000000 1.072155 0.125000
v 0.944703 1.000000 0.125000
v 1.000000 1.125000 0.065999
v 0.944703 1.000000 0.125000
v 0.931967 1.125000 0.000000
v 0.931967 1.125000 0.000000
v 0.944703 1.000000 0.125000
v 0.886125 1.000000 0.000000
v 1.000000 1.072155 0.125000
v 1.000000 1.073910 0.250000
v 0.935605 1.000000 0.250000
v 0.944703 1.000000 0.125000
v 1.000000 1.072155 0.125000
v 0.935605 1.000000 0.250000
v 0.875000 1.000000 0.352337
v 0.974492 1.125000 0.375000
v 0.875000 1.021605 0.375000
v 0.935605 1.000000 0.250000
v 0.974492 1.125000 0.375000
v 0.875000 1.000000 0.352337
v 0.935605 1.000000 0.250000
v 1.000000 1.125000 0.341245
v 0.974492 1.125000 0.375000
v 0.935605 1.000000 0.250000
v 1.000000 1.073910 0.250000
v 1.000000 1.125000 0.341245
v 0.974492 1.125000 0.375000
v 0.875000 1.125000 0.425325
v 0.875000 1.021605 0.375000
v 0.875000 1.250000 -0.030150
v 0.931967 1.125000 0.000000
v 0.875000 1.125000 -0.036554
v 0.925873 1.250000 0.000000
v 0.931967 1.125000 0.000000
v 0.875000 1.250000 -0.030150
v 0.931967 1.125000 0.000000
v 0.925873 1.250000 0.000000
v 1.000000 1.250000 0.082251
v 1.000000 1.125000 0.065999
v 0.931967 1.125000 0.000000
v 1.000000 1.250000 0.082251
v 1.000000 1.125000 0.341245
v 1.000000 1.222405 0.375000
v 0.974492 1.125000 0.375000
v 1.000000 1.222405 0.375000
v 0.875000 1.125000 0.425325
v 0.974492 1.125000 0.375000
v 1.000000 1.222405 0.375000
v 1.000000 1.250000 0.378119
v 0.875000 1.125000 0.425325
v 1.000000 1.250000 0.378119
v 0.875000 1.250000 0.440842
v 0.875000 1.125000 0.425325
v 0.875000 1.250000 -0.030150
v 0.875000 1.318886 0.000000
v 0.925873 1.250000 0.000000
v 0.925873 1.250000 0.000000
v 0.875000 1.318886 0.000000
v 0.875000 1.375000 0.034457
v 0.925873 1.250000 0.000000
v 0.875000 1.375000 0.034457
v 1.000000 1.250000 0.082251
v 1.000000 1.250000 0.082251
v 0.875000 1.375000 0.034457
v 1.000000 1.375000 0.104249
v 1.000000 1.266699 0.375000
v 1.000000 1.375000 0.354099
v 0.945736 1.375000 0.375000
v 0.945736 1.375000 0.375000
v 1.000000 1.250000 0.378119
v 1.000000 1.266699 0.375000
v 0.945736 1.375000 0.375000
v 0.875000 1.375000 0.401609
v 1.000000 1.250000 0.378119
v 0.875000 1.375000 0.401609
v 0.875000 1.250000 0.440842
v 1.000000 1.250000 0.378119
v 0.918087 1.500000 0.125000
v 0.875000 1.375000 0.034457
v 0.875000 1.476669 0.125000
v 0.918087 1.500000 0.125000
v 1.000000 1.500000 0.095415
v 0.875000 1.375000 0.034457
v 1.000000 1.500000 0.095415
v 1.000000 1.375000 0.104249
v 0.875000 1.375000 0.034457
v 0.918087 1.500000 0.125000
v 0.875000 1.476669 0.125000
v 0.875000 1.500000 0.156132
v 0.875000 1.454941 0.375000
v 0.945736 1.375000 0.375000
v 1.000000 1.375000 0.354099
v 0.875000 1.454941 0.375000
v 1.000000 1.375000 0.354099
v 0.875000 1.500000 0.347998
v 1.000000 1.439511 0.375000
v 0.929918 1.500000 0.375000
v 1.000000 1.375000 0.354099
v 0.929918 1.500000 0.375000
v 0.875000 1.500000 0.347998
v 1.000000 1.375000 0.354099
v 1.000000 1.439511 0.375000
v 1.000000 1.500000 0.393702
v 0.929918 1.500000 0.375000
v 0.945736 1.375000 0.375000
v 0.875000 1.454941 0.375000
v 0.875000 1.375000 0.401609
v 1.000000 1.500000 0.095415
v 0.981236 1.625000 0.125000
v 1.000000 1.625000 0.111736
v 0.918087 1.500000 0.125000
v 0.981236 1.625000 0.125000
v 1.000000 1.500000 0.095415
v 0.875000 1.500000 0.156132
v 0.875000 1.595440 0.250000
v 0.895493 1.625000 0.250000
v 0.875000 1.500000 0.156132
v 0.895493 1.625000 0.250000
v 0.918087 1.500000 0.125000
v 0.918087 1.500000 0.125000
v 0.895493 1.625000 0.250000
v 0.981236 1.625000 0.125000
v 0.875000 1.595440 0.250000
v 0.875000 1.500000 0.347998
v 0.929918 1.500000 0.375000
v 0.875000 1.595440 0.250000
v 0.929918 1.500000 0.375000
v 0.895493 1.625000 0.250000
v 0.895493 1.625000 0.250000
v 0.929918 1.500000 0.375000
v 0.979534 1.625000 0.375000
v 0.929918 1.500000 0.375000
v 1.000000 1.625000 0.389421
v 0.979534 1.625000 0.375000
v 1.000000 1.500000 0.393702
v 1.000000 1.625000 0.389421
v 0.929918 1.500000 0.375000
v 1.000000 1.625000 0.111736
v 0.981236 1.625000 0.125000
v 1.000000 1.658869 0.125000
v 1.000000 1.658869 0.125000
v 0.895493 1.625000 0.250000
v 1.000000 1.737211 0.250000
v 0.981236 1.625000 0.125000
v 0.895493 1.625000 0.250000
v 1.000000 1.658869 0.125000
v 1.000000 1.737211 0.250000
v 0.979534 1.625000 0.375000
v 1.000000 1.669587 0.375000
v 0.895493 1.625000 0.250000
v 0.979534 1.625000 0.375000
v 1.000000 1.737211 0.250000
v 0.979534 1.625000 0.375000
v 1.000000 1.625000 0.389421
v 1.000000 1.669587 0.375000
v 1.000000 1.125000 0.065999
v 1.039640 1.125000 0.125000
v 1.000000 1.072155 0.125000
v 1.032223 1.125000 0.250000
v 1.000000 1.072155 0.125000
v 1.039640 1.125000 0.125000
v 1.000000 1.073910 0.250000
v 1.000000 1.072155 0.125000
v 1.032223 1.125000 0.250000
v 1.032223 1.125000 0.250000
v 1.000000 1.125000 0.341245
v 1.000000 1.073910 0.250000
v 1.000000 1.250000 0.082251
v 1.039640 1.125000 0.125000
v 1.000000 1.125000 0.065999
v 1.029942 1.250000 0.125000
v 1.039640 1.125000 0.125000
v 1.000000 1.250000 0.082251
v 1.039640 1.125000 0.125000
v 1.029942 1.250000 0.125000
v 1.032223 1.125000 0.250000
v 1.029942 1.250000 0.125000
v 1.047433 1.250000 0.250000
v 1.032223 1.125000 0.250000
v 1.000000 1.125000 0.341245
v 1.003032 1.250000 0.375000
v 1.000000 1.222405 0.375000
v 1.000000 1.125000 0.341245
v 1.032223 1.125000 0.250000
v 1.003032 1.250000 0.375000
v 1.032223 1.125000 0.250000
v 1.047433 1.250000 0.250000
v 1.003032 1.250000 0.375000
v 1.003032 1.250000 0.375000
v 1.000000 1.250000 0.378119
v 1.000000 1.222405 0.375000
v 1.000000 1.375000 0.104249
v 1.029942 1.250000 0.125000
v 1.000000 1.250000 0.082251
v 1.026293 1.375000 0.125000
v 1.029942 1.250000 0.125000
v 1.000000 1.375000 0.104249
v 1.029942 1.250000 0.125000
v 1.026293 1.375000 0.125000
v 1.047433 1.250000 0.250000
v 1.026293 1.375000 0.125000
v 1.103415 1.375000 0.250000
v 1.047433 1.250000 0.250000
v 1.000000 1.266699 0.375000
v 1.103415 1.375000 0.250000
v 1.000000 1.375000 0.354099
v 1.000000 1.266699 0.375000
v 1.003032 1.250000 0.375000
v 1.103415 1.375000 0.250000
v 1.003032 1.250000 0.375000
v 1.047433 1.250000 0.250000
v 1.103415 1.375000 0.250000
v 1.003032 1.250000 0.375000
v 1.000000 1.266699 0.375000
v 1.000000 1.250000 0.378119
v 1.000000 1.500000 0.095415
v 1.026293 1.375000 0.125000
v 1.000000 1.375000 0.104249
v 1.062825 1.500000 0.125000
v 1.026293 1.375000 0.125000
v 1.000000 1.500000 0.095415
v 1.125000 1.500000 0.176811
v 1.125000 1.413331 0.250000
v 1.103415 1.375000 0.250000
v 1.125000 1.500000 0.176811
v 1.103415 1.375000 0.250000
v 1.062825 1.500000 0.125000
v 1.062825 1.500000 0.125000
v 1.103415 1.375000 0.250000
v 1.026293 1.375000 0.125000
v 1.000000 1.375000 0.354099
v 1.103415 1.375000 0.250000
v 1.125000 1.413331 0.250000
v 1.000000 1.375000 0.354099
v 1.125000 1.413331 0.250000
v 1.000000 1.439511 0.375000
v 1.000000 1.439511 0.375000
v 1.125000 1.413331 0.250000
v 1.125000 1.484252 0.375000
v 1.125000 1.484252 0.375000
v 1.000000 1.500000 0.393702
v 1.000000 1.439511 0.375000
v 1.125000 1.500000 0.384807
v 1.000000 1.500000 0.393702
v 1.125000 1.484252 0.375000
v 1.062825 1.500000 0.125000
v 1.125000 1.625000 0.118777
v 1.125000 1.601656 0.125000
v 1.062825 1.500000 0.125000
v 1.000000 1.500000 0.095415
v 1.125000 1.625000 0.118777
v 1.000000 1.500000 0.095415
v 1.000000 1.625000 0.111736
v 1.125000 1.625000 0.118777
v 1.062825 1.500000 0.125000
v 1.125000 1.601656 0.125000
v 1.125000 1.500000 0.176811
v 1.125000 1.500000 0.384807
v 1.125000 1.625000 0.419240
v 1.000000 1.500000 0.393702
v 1.000000 1.500000 0.393702
v 1.125000 1.625000 0.419240
v 1.000000 1.625000 0.389421
v 1.000000 1.625000 0.111736
v 1.125000 1.651391 0.125000
v 1.125000 1.625000 0.118777
v 1.000000 1.658869 0.125000
v 1.125000 1.651391 0.125000
v 1.000000 1.625000 0.111736
v 1.010544 1.750000 0.250000
v 1.125000 1.750000 0.151884
v 1.125000 1.651391 0.125000
v 1.010544 1.750000 0.250000
v 1.125000 1.651391 0.125000
v 1.000000 1.737211 0.250000
v 1.000000 1.737211 0.250000
v 1.125000 1.651391 0.125000
v 1.000000 1.658869 0.125000
v 1.026922 1.750000 0.375000
v 1.010544 1.750000 0.250000
v 1.000000 1.737211 0.250000
v 1.000000 1.669587 0.375000
v 1.026922 1.750000 0.375000
v 1.000000 1.737211 0.250000
v 1.000000 1.669587 0.375000
v 1.125000 1.750000 0.455146
v 1.026922 1.750000 0.375000
v 1.000000 1.669587 0.375000
v 1.000000 1.625000 0.389421
v 1.125000 1.750000 0.455146
v 1.000000 1.625000 0.389421
v 1.125000 1.625000 0.419240
v 1.125000 1.750000 0.455146
v 1.125000 1.750000 0.151884
v 1.084286 1.875000 0.250000
v 1.125000 1.875000 0.201284
v 1.010544 1.750000 0.250000
v 1.084286 1.875000 0.250000
v 1.125000 1.750000 0.151884
v 1.010544 1.750000 0.250000
v 1.026922 1.750000 0.375000
v 1.084286 1.875000 0.250000
v 1.084286 1.875000 0.250000
v 1.026922 1.750000 0.375000
v 1.100314 1.875000 0.375000
v 1.026922 1.750000 0.375000
v 1.125000 1.875000 0.406360
v 1.100314 1.875000 0.375000
v 1.125000 1.750000 0.455146
v 1.125000 1.875000 0.406360
v 1.026922 1.750000 0.375000
v 1.125000 1.875000 0.201284
v 1.084286 1.875000 0.250000
v 1.125000 1.921826 0.250000
v 1.125000 1.921826 0.250000
v 1.100314 1.875000 0.375000
v 1.125000 1.899839 0.375000
v 1.084286 1.875000 0.250000
v 1.100314 1.875000 0.375000
v 1.125000 1.921826 0.250000
v 1.100314 1.875000 0.375000
v 1.125000 1.875000 0.406360
v 1.125000 1.899839 0.375000
v 1.125000 1.500000 0.176811
v 1.173661 1.500000 0.250000
v 1.125000 1.413331 0.250000
v 1.138948 1.500000 0.375000
v 1.125000 1.413331 0.250000
v 1.173661 1.500000 0.250000
v 1.125000 1.484252 0.375000
v 1.125000 1.413331 0.250000
v 1.138948 1.500000 0.375000
v 1.138948 1.500000 0.375000
v 1.125000 1.500000 0.384807
v 1.125000 1.484252 0.375000
v 1.125000 1.625000 0.118777
v 1.136010 1.625000 0.125000
v 1.125000 1.601656 0.125000
v 1.173661 1.500000 0.250000
v 1.250000 1.625000 0.216773
v 1.250000 1.590030 0.250000
v 1.125000 1.500000 0.176811
v 1.250000 1.625000 0.216773
v 1.173661 1.500000 0.250000
v 1.125000 1.500000 0.176811
v 1.136010 1.625000 0.125000
v 1.250000 1.625000 0.216773
v 1.125000 1.500000 0.176811
v 1.125000 1.601656 0.125000
v 1.136010 1.625000 0.125000
v 1.250000 1.590030 0.250000
v 1.250000 1.625000 0.333976
v 1.218420 1.625000 0.375000
v 1.250000 1.590030 0.250000
v 1.218420 1.625000 0.375000
v 1.173661 1.500000 0.250000
v 1.173661 1.500000 0.250000
v 1.218420 1.625000 0.375000
v 1.138948 1.500000 0.375000
v 1.218420 1.625000 0.375000
v 1.125000 1.500000 0.384807
v 1.138948 1.500000 0.375000
v 1.125000 1.625000 0.419240
v 1.125000 1.500000 0.384807
v 1.218420 1.625000 0.375000
v 1.125000 1.625000 0.118777
v 1.125000 1.651391 0.125000
v 1.136010 1.625000 0.125000
v 1.136010 1.625000 0.125000
v 1.125000 1.651391 0.125000
v 1.125000 1.750000 0.151884
v 1.136010 1.625000 0.125000
v 1.125000 1.750000 0.151884
v 1.250000 1.625000 0.216773
v 1.250000 1.625000 0.216773
v 1.125000 1.750000 0.151884
v 1.250000 1.750000 0.161670
v 1.250000 1.625000 0.333976
v 1.250000 1.644008 0.375000
v 1.218420 1.625000 0.375000
v 1.250000 1.644008 0.375000
v 1.125000 1.625000 0.419240
v 1.218420 1.625000 0.375000
v 1.250000 1.644008 0.375000
v 1.250000 1.750000 0.443762
v 1.125000 1.625000 0.419240
v 1.250000 1.750000 0.443762
v 1.125000 1.750000 0.455146
v 1.125000 1.625000 0.419240
v 1.250000 1.750000 0.161670
v 1.125000 1.750000 0.151884
v 1.250000 1.875000 0.198502
v 1.125000 1.750000 0.151884
v 1.125000 1.875000 0.201284
v 1.250000 1.875000 0.198502
v 1.250000 1.750000 0.443762
v 1.250000 1.875000 0.399324
v 1.125000 1.750000 0.455146
v 1.125000 1.750000 0.455146
v 1.250000 1.875000 0.399324
v 1.125000 1.875000 0.406360
v 1.125000 1.875000 0.201284
v 1.250000 1.913139 0.250000
v 1.250000 1.875000 0.198502
v 1.125000 1.921826 0.250000
v 1.250000 1.913139 0.250000
v 1.125000 1.875000 0.201284
v 1.250000 1.913139 0.250000
v 1.125000 1.921826 0.250000
v 1.250000 1.903323 0.375000
v 1.250000 1.903323 0.375000
v 1.125000 1.921826 0.250000
v 1.125000 1.899839 0.375000
v 1.250000 1.875000 0.399324
v 1.125000 1.899839 0.375000
v 1.125000 1.875000 0.406360
v 1.250000 1.903323 0.375000
v 1.125000 1.899839 0.375000
v 1.250000 1.875000 0.399324
v 1.250000 1.625000 0.216773
v 1.278370 1.625000 0.250000
v 1.250000 1.590030 0.250000
v 1.278370 1.625000 0.250000
v 1.250000 1.625000 0.333976
v 1.250000 1.590030 0.250000
v 1.250000 1.750000 0.161670
v 1.278370 1.625000 0.250000
v 1.250000 1.625000 0.216773
v 1.337632 1.750000 0.250000
v 1.278370 1.625000 0.250000
v 1.250000 1.750000 0.161670
v 1.250000 1.625000 0.333976
v 1.328125 1.750000 0.375000
v 1.250000 1.644008 0.375000
v 1.250000 1.625000 0.333976
v 1.278370 1.625000 0.250000
v 1.328125 1.750000 0.375000
v 1.278370 1.625000 0.250000
v 1.337632 1.750000 0.250000
v 1.328125 1.750000 0.375000
v 1.328125 1.750000 0.375000
v 1.250000 1.750000 0.443762
v 1.250000 1.644008 0.375000
v 1.250000 1.875000 0.198502
v 1.337632 1.750000 0.250000
v 1.250000 1.750000 0.161670
v 1.303373 1.875000 0.250000
v 1.337632 1.750000 0.250000
v 1.250000 1.875000 0.198502
v 1.337632 1.750000 0.250000
v 1.303373 1.875000 0.250000
v 1.328125 1.750000 0.375000
v 1.303373 1.875000 0.250000
v 1.319783 1.875000 0.375000
v 1.328125 1.750000 0.375000
v 1.319783 1.875000 0.375000
v 1.250000 1.750000 0.443762
v 1.328125 1.750000 0.375000
v 1.250000 1.875000 0.399324
v 1.250000 1.750000 0.443762
v 1.319783 1.875000 0.375000
v 1.250000 1.875000 0.198502
v 1.250000 1.913139 0.250000
v 1.303373 1.875000 0.250000
v 1.303373 1.875000 0.250000
v 1.250000 1.903323 0.375000
v 1.319783 1.875000 0.375000
v 1.250000 1.913139 0.250000
v 1.250000 1.903323 0.375000
v 1.303373 1.875000 0.250000
v 1.319783 1.875000 0.375000
v 1.250000 1.903323 0.375000
v 1.250000 1.875000 0.399324
f 1 2 3
f 4 5 6
f 7 8 9
f 10 11 12
f 13 14 15
f 16 17 18
f 19 20 21
f 22 23 24
f 25 26 27
f 28 29 30
f 31 32 33
f 34 35 36
f 37 38 39
f 40 41 42
f 43 44 45
f 46 47 48
f 49 50 51
f 52 53 54
f 55 56 57
f 58 59 60
f 61 62 63
f 64 65 66
f 67 68 69
f 70 71 72
f 73 74 75
f 76 77 78
f 79 80 81
f 82 83 84
f 85 86 87
f 88 89 90
f 91 92 93
f 94 95 96
f 97 98 99
f 100 101 102
f 103 104 105
f 106 107 108
f 109 110 111
f 112 113 114
f 115 116 117
f 118 119 120
f 121 122 123
f 124 125 126
f 127 128 129
f 130 131 132
f 133 134 135
f 136 137 138
f 139 140 141
f 142 143 144
f 145 146 147
f 148 149 150
f 151 152 153
f 154 155 156
f 157 158 159
f 160 161 162
f 163 164 165
f 166 167 168
f 169 170 171
f 172 173 174
f 175 176 177
f 178 179 180
f 181 182 183
f 184 185 186
f 187 188 189
f 190 191 192
f 193 194 195
f 196 197 198
f 199 200 201
f 202 203 204
f 205 206 207
f 208 209 210
f 211 212 213
f 214 215 216
f 217 218 219
f 220 221 222
f 223 224 225
f 226 227 228
f 229 230 231
f 232 233 234
f 235 236 237
f 238 239 240
f 241 242 243
f 244 245 246
f 247 248 249
f 250 251 252
f 253 254 255
f 256 257 258
f 259 260 261
f 262 263 264
f 265 266 267
f 268 269 270
f 271 272 273
f 274 275 276
f 277 278 279
f 280 281 282
f 283 284 285
f 286 287 288
f 289 290 291
f 292 293 294
f 295 296 297
f 298 299 300
f 301 302 303
f 304 305 306
f 307 308 309
f 310 311 312
f 313 314 315
f 316 317 318
f 319 320 321
f 322 323 324
f 325 326 327
f 328 329 330
f 331 332 333
f 334 335 336
f 337 338 339
f 340 341 342
f 343 344 345
f 346 347 348
f 349 350 351
f 352 353 354
f 355 356 357
f 358 359 360
f 361 362 363
f 364 365 366
f 367 368 369
f 370 371 372
f 373 374 375
f 376 377 378
f 379 380 381
f 382 383 384
f 385 386 387
f 388 389 390
f 391 392 393
f 394 395 396
f 397 398 399
f 400 401 402
f 403 404 405
f 406 407 408
f 409 410 411
f 412 413 414
f 415 416 417
f 418 419 420
f 421 422 423
f 424 425 426
f 427 428 429
f 430 431 432
f 433 434 435
f 436 437 438
f 439 440 441
f 442 443 444
f 445 446 447
f 448 449 450
f 451 452 453
f 454 455 456
f 457 458 459
f 460 461 462
f 463 464 465
f 466 467 468
f 469 470 471
f 472 473 474
f 475 476 477
f 478 479 480
f 481 482 483
f 484 485 486
f 487 488 489
f 490 491 492
f 493 494 495
f 496 497 498
f 499 500 501
f 502 503 504
f 505 506 507
f 508 509 510
f 511 512 513
f 514 515 516
f 517 518 519
f 520 521 522
f 523 524 525
f 526 527 528
f 529 530 531
f 532 533 534
f 535 536 537
f 538 539 540
f 541 542 543
f 544 545 546
f 547 548 549
f 550 551 552
f 553 554 555
f 556 557 558
f 559 560 561
f 562 563 564
f 565 566 567
f 568 569 570
f 571 572 573
f 574 575 576
f 577 578 579
f 580 581 582
f 583 584 585
f 586 587 588
f 589 590 591
f 592 593 594
f 595 596 597
f 598 599 600
f 601 602 603
f 604 605 606
f 607 608 609
f 610 611 612
f 613 614 615
f 616 617 618
f 619 620 621
f 622 623 624
f 625 626 627
f 628 629 630
f 631 632 633
f 634 635 636
f 637 638 639
f 640 641 642
f 643 644 645
f 646 647 648
f 649 650 651
f 652 653 654
f 655 656 657
f 658 659 660
f 661 662 663
f 664 665 666
f 667 668 669
f 670 671 672
f 673 674 675
f 676 677 678
f 679 680 681
f 682 683 684
f 685 686 687
f 688 689 690
f 691 692 693
f 694 695 696
f 697 698 699
f 700 701 702
f 703 704 705
f 706 707 708
f 709 710 711
f 712 713 714
f 715 716 717
f 718 719 720
f 721 722 723
f 724 725 726
f 727 728 729
f 730 731 732
f 733 734 735
f 736 737 738
f 739 740 741
f 742 743 744
f 745 746 747
f 748 749 750
f 751 752 753
f 754 755 756
f 757 758 759
f 760 761 762
f 763 764 765
f 766 767 768
f 769 770 771
f 772 773 774
f 775 776 777
f 778 779 780
f 781 782 783
f 784 785 786
f 787 788 789
f 790 791 792
f 793 794 795
f 796 797 798
f 799 800 801
f 802 803 804
f 805 806 807
f 808 809 810
f 811 812 813
f 814 815 816
f 817 818 819
f 820 821 822
f 823 824 825
f 826 827 828
f 829 830 831
f 832 833 834
f 835 836 837
f 838 839 840
f 841 842 843
f 844 845 846
f 847 848 849
f 850 851 852
f 853 854 855
f 856 857 858
f 859 860 861
f 862 863 864
f 865 866 867
f 868 869 870
f 871 872 873
f 874 875 876
f 877 878 879
f 880 881 882
f 883 884 885
f 886 887 888
f 889 890 891
f 892 893 894
f 895 896 897
f 898 899 900
f 901 902 903
f 904 905 906
f 907 908 909
f 910 911 912
f 913 914 915
f 916 917 918
f 919 920 921
f 922 923 924
f 925 926 927
f 928 929 930
f 931 932 933
f 934 935 936
f 937 938 939
f 940 941 942
f 943 944 945
f 946 947 948
f 949 950 951
f 952 953 954
f 955 956 957
f 958 959 960
f 961 962 963
f 964 965 966
f 967 968 969
f 970 971 972
f 973 974 975
f 976 977 978
f 979 980 981
f 982 983 984
f 985 986 987
f 988 989 990
f 991 992 993
f 994 995 996
f 997 998 999
f 1000 1001 1002
f 1003 1004 1005
f 1006 1007 1008
f 1009 1010 1011
f 1012 1013 1014
f 1015 1016 1017
f 1018 1019 1020
f 1021 1022 1023
f 1024 1025 1026
f 1027 1028 1029
f 1030 1031 1032
f 1033 1034 1035
f 1036 1037 1038
f 1039 1040 1041
f 1042 1043 1044
f 1045 1046 1047
f 1048 1049 1050
f 1051 1052 1053
f 1054 1055 1056
f 1057 1058 1059
f 1060 1061 1062
f 1063 1064 1065
f 1066 1067 1068
f 1069 1070 1071
f 1072 1073 1074
f 1075 1076 1077
f 1078 1079 1080
f 1081 1082 1083
f 1084 1085 1086
f 1087 1088 1089
f 1090 1091 1092
f 1093 1094 1095
f 1096 1097 1098
f 1099 1100 1101
f 1102 1103 1104
f 1105 1106 1107
f 1108 1109 1110
f 1111 1112 1113
f 1114 1115 1116
f 1117 1118 1119
f 1120 1121 1122
f 1123 1124 1125
f 1126 1127 1128
f 1129 1130 1131
f 1132 1133 1134
f 1135 1136 1137
f 1138 1139 1140
f 1141 1142 1143
f 1144 1145 1146
f 1147 1148 1149
f 1150 1151 1152
f 1153 1154 1155
f 1156 1157 1158
f 1159 1160 1161
f 1162 1163 1164
f 1165 1166 1167
f 1168 1169 1170
f 1171 1172 1173
f 1174 1175 1176
f 1177 1178 1179
f 1180 1181 1182
f 1183 1184 1185
f 1186 1187 1188
f 1189 1190 1191
f 1192 1193 1194
f 1195 1196 1197
f 1198 1199 1200
f 1201 1202 1203
f 1204 1205 1206
f 1207 1208 1209
f 1210 1211 1212
f 1213 1214 1215
f 1216 1217 1218
f 1219 1220 1221
f 1222 1223 1224
f 1225 1226 1227
f 1228 1229 1230
f 1231 1232 1233
f 1234 1235 1236
f 1237 1238 1239
f 1240 1241 1242
f 1243 1244 1245
f 1246 1247 1248
f 1249 1250 1251
f 1252 1253 1254
f 1255 1256 1257
f 1258 1259 1260
f 1261 1262 1263
f 1264 1265 1266
f 1267 1268 1269
f 1270 1271 1272
f 1273 1274 1275
f 1276 1277 1278
f 1279 1280 1281
f 1282 1283 1284
f 1285 1286 1287
f 1288 1289 1290
f 1291 1292 1293
f 1294 1295 1296
f 1297 1298 1299
f 1300 1301 1302
f 1303 1304 1305
f 1306 1307 1308
f 1309 1310 1311
f 1312 1313 1314
f 1315 1316 1317
f 1318 1319 1320
f 1321 1322 1323
f 1324 1325 1326
f 1327 1328 1329
f 1330 1331 1332
f 1333 1334 1335
f 1336 1337 1338
f 1339 1340 1341
f 1342 1343 1344
f 1345 1346 1347
f 1348 1349 1350
f 1351 1352 1353
f 1354 1355 1356
f 1357 1358 1359
f 1360 1361 1362
f 1363 1364 1365
f 1366 1367 1368
f 1369 1370 1371
f 1372 1373 1374
f 1375 1376 1377
f 1378 1379 1380
f 1381 1382 1383
f 1384 1385 1386
f 1387 1388 1389
f 1390 1391 1392
f 1393 1394 1395
f 1396 1397 1398
f 1399 1400 1401
f 1402 1403 1404
f 1405 1406 1407
f 1408 1409 1410
f 1411 1412 1413
f 1414 1415 1416
f 1417 1418 1419
f 1420 1421 1422
f 1423 1424 1425
f 1426 1427 1428
f 1429 1430 1431
f 1432 1433 1434
f 1435 1436 1437
f 1438 1439 1440
f 1441 1442 1443
f 1444 1445 1446
f 1447 1448 1449
f 1450 1451 1452
f 1453 1454 1455
f 1456 1457 1458
f 1459 1460 1461
f 1462 1463 1464
f 1465 1466 1467
f 1468 1469 1470
f 1471 1472 1473
f 1474 1475 1476
f 1477 1478 1479
f 1480 1481 1482
f 1483 1484 1485
f 1486 1487 1488
f 1489 1490 1491
f 1492 1493 1494
f 1495 1496 1497
f 1498 1499 1500
f 1501 1502 1503
f 1504 1505 1506
f 1507 1508 1509
f 1510 1511 1512
f 1513 1514 1515
f 1516 1517 1518
f 1519 1520 1521
f 1522 1523 1524
f 1525 1526 1527
f 1528 1529 1530
f 1531 1532 1533
f 1534 1535 1536
f 1537 1538 1539
f 1540 1541 1542
f 1543 1544 1545
f 1546 1547 1548
f 1549 1550 1551
f 1552 1553 1554
f 1555 1556 1557
f 1558 1559 1560
f 1561 1562 1563
f 1564 1565 1566
f 1567 1568 1569
f 1570 1571 1572
f 1573 1574 1575
f 1576 1577 1578
f 1579 1580 1581
f 1582 1583 1584
f 1585 1586 1587
f 1588 1589 1590
f 1591 1592 1593
f 1594 1595 1596
f 1597 1598 1599
f 1600 1601 1602
f 1603 1604 1605
f 1606 1607 1608
f 1609 1610 1611
f 1612 1613 1614
f 1615 1616 1617
f 1618 1619 1620
f 1621 1622 1623
f 1624 1625 1626
f 1627 1628 1629
f 1630 1631 1632
f 1633 1634 1635
f 1636 1637 1638
f 1639 1640 1641
f 1642 1643 1644
f 1645 1646 1647
f 1648 1649 1650
f 1651 1652 1653
f 1654 1655 1656
f 1657 1658 1659
f 1660 1661 1662
f 1663 1664 1665
f 1666 1667 1668
f 1669 1670 1671
f 1672 1673 1674
f 1675 1676 1677
f 1678 1679 1680
f 1681 1682 1683
f 1684 1685 1686
f 1687 1688 1689
f 1690 1691 1692
f 1693 1694 1695
f 1696 1697 1698
f 1699 1700 1701
f 1702 1703 1704
f 1705 1706 1707
f 1708 1709 1710
f 1711 1712 1713
f 1714 1715 1716
f 1717 1718 1719
f 1720 1721 1722
f 1723 1724 1725
f 1726 1727 1728
f 1729 1730 1731
f 1732 1733 1734
f 1735 1736 1737
f 1738 1739 1740
f 1741 1742 1743
f 1744 1745 1746
f 1747 1748 1749
f 1750 1751 1752
f 1753 1754 1755
f 1756 1757 1758
f 1759 1760 1761
f 1762 1763 1764
f 1765 1766 1767
f 1768 1769 1770
f 1771 1772 1773
f 1774 1775 1776
f 1777 1778 1779
f 1780 1781 1782
f 1783 1784 1785
f 1786 1787 1788
f 1789 1790 1791
f 1792 1793 1794
f 1795 1796 1797
f 1798 1799 1800
f 1801 1802 1803
f 1804 1805 1806
f 1807 1808 1809
f 1810 1811 1812
f 1813 1814 1815
f 1816 1817 1818
f 1819 1820 1821
f 1822 1823 1824
f 1825 1826 1827
f 1828 1829 1830
f 1831 1832 1833
f 1834 1835 1836
f 1837 1838 1839
f 1840 1841 1842
f 1843 1844 1845
f 1846 1847 1848
f 1849 1850 1851
f 1852 1853 1854
f 1855 1856 1857
f 1858 1859 1860
f 1861 1862 1863
f 1864 1865 1866
f 1867 1868 1869
f 1870 1871 1872
f 1873 1874 1875
f 1876 1877 1878
f 1879 1880 1881
f 1882 1883 1884
f 1885 1886 1887
f 1888 1889 1890
f 1891 1892 1893
f 1894 1895 1896
f 1897 1898 1899
f 1900 1901 1902
f 1903 1904 1905
f 1906 1907 1908
f 1909 1910 1911
f 1912 1913 1914
f 1915 1916 1917
f 1918 1919 1920
f 1921 1922 1923
f 1924 1925 1926
f 1927 1928 1929
f 1930 1931 1932
f 1933 1934 1935
f 1936 1937 1938
f 1939 1940 1941
f 1942 1943 1944
f 1945 1946 1947
f 1948 1949 1950
f 1951 1952 1953
f 1954 1955 1956
f 1957 1958 1959
f 1960 1961 1962
f 1963 1964 1965
f 1966 1967 1968
f 1969 1970 1971
f 1972 1973 1974
f 1975 1976 1977
f 1978 1979 1980
f 1981 1982 1983
f 1984 1985 1986
f 1987 1988 1989
f 1990 1991 1992
f 1993 1994 1995
f 1996 1997 1998
f 1999 2000 2001
f 2002 2003 2004
f 2005 2006 2007
f 2008 2009 2010
f 2011 2012 2013
f 2014 2015 2016
f 2017 2018 2019
f 2020 2021 2022
f 2023 2024 2025
f 2026 2027 2028
f 2029 2030 2031
f 2032 2033 2034
f 2035 2036 2037
f 2038 2039 2040
f 2041 2042 2043
f 2044 2045 2046
f 2047 2048 2049
f 2050 2051 2052
f 2053 2054 2055
f 2056 2057 2058
f 2059 2060 2061
f 2062 2063 2064
f 2065 2066 2067
f 2068 2069 2070
f 2071 2072 2073
f 2074 2075 2076
f 2077 2078 2079
f 2080 2081 2082
f 2083 2084 2085
f 2086 2087 2088
f 2089 2090 2091
f 2092 2093 2094
f 2095 2096 2097
f 2098 2099 2100
f 2101 2102 2103
f 2104 2105 2106
f 2107 2108 2109
f 2110 2111 2112
f 2113 2114 2115
f 2116 2117 2118
f 2119 2120 2121
f 2122 2123 2124
f 2125 2126 2127
f 2128 2129 2130
f 2131 2132 2133
f 2134 2135 2136
f 2137 2138 2139
f 2140 2141 2142
f 2143 2144 2145
f 2146 2147 2148
f 2149 2150 2151
f 2152 2153 2154
f 2155 2156 2157
f 2158 2159 2160
f 2161 2162 2163
f 2164 2165 2166
f 2167 2168 2169
f 2170 2171 2172
f 2173 2174 2175
f 2176 2177 2178
f 2179 2180 2181
f 2182 2183 2184
f 2185 2186 2187
f 2188 2189 2190
f 2191 2192 2193
f 2194 2195 2196
f 2197 2198 2199
f 2200 2201 2202
f 2203 2204 2205
f 2206 2207 2208
f 2209 2210 2211
f 2212 2213 2214
f 2215 2216 2217
f 2218 2219 2220
f 2221 2222 2223
f 2224 2225 2226
f 2227 2228 2229
f 2230 2231 2232
f 2233 2234 2235
f 2236 2237 2238
f 2239 2240 2241
f 2242 2243 2244
f 2245 2246 2247
f 2248 2249 2250
f 2251 2252 2253
f 2254 2255 2256
f 2257 2258 2259
f 2260 2261 2262
f 2263 2264 2265
f 2266 2267 2268
f 2269 2270 2271
f 2272 2273 2274
f 2275 2276 2277
f 2278 2279 2280
f 2281 2282 2283
f 2284 2285 2286
f 2287 2288 2289
f 2290 2291 2292
f 2293 2294 2295
f 2296 2297 2298
f 2299 2300 2301
f 2302 2303 2304
f 2305 2306 2307
f 2308 2309 2310
f 2311 2312 2313
f 2314 2315 2316
f 2317 2318 2319
f 2320 2321 2322
f 2323 2324 2325
f 2326 2327 2328
f 2329 2330 2331
f 2332 2333 2334
f 2335 2336 2337
f 2338 2339 2340
f 2341 2342 2343
f 2344 2345 2346
f 2347 2348 2349
f 2350 2351 2352
f 2353 2354 2355
f 2356 2357 2358
f 2359 2360 2361
f 2362 2363 2364
f 2365 2366 2367
f 2368 2369 2370
f 2371 2372 2373
f 2374 2375 2376
f 2377 2378 2379
f 2380 2381 2382
f 2383 2384 2385
f 2386 2387 2388
f 2389 2390 2391
f 2392 2393 2394
f 2395 2396 2397
f 2398 2399 2400
f 2401 2402 2403
f 2404 2405 2406
f 2407 2408 2409
f 2410 2411 2412
f 2413 2414 2415
f 2416 2417 2418
f 2419 2420 2421
f 2422 2423 2424
f 2425 2426 2427
f 2428 2429 2430
f 2431 2432 2433
f 2434 2435 2436
f 2437 2438 2439
f 2440 2441 2442
f 2443 2444 2445
f 2446 2447 2448
f 2449 2450 2451
f 2452 2453 2454
f 2455 2456 2457
f 2458 2459 2460
f 2461 2462 2463
f 2464 2465 2466
f 2467 2468 2469
f 2470 2471 2472
f 2473 2474 2475
f 2476 2477 2478
f 2479 2480 2481
f 2482 2483 2484
f 2485 2486 2487
f 2488 2489 2490
f 2491 2492 2493
f 2494 2495 2496
f 2497 2498 2499
f 2500 2501 2502
f 2503 2504 2505
f 2506 2507 2508
f 2509 2510 2511
f 2512 2513 2514
f 2515 2516 2517
f 2518 2519 2520
f 2521 2522 2523
f 2524 2525 2526
f 2527 2528 2529
f 2530 2531 2532
f 2533 2534 2535
f 2536 2537 2538
f 2539 2540 2541
f 2542 2543 2544
f 2545 2546 2547
f 2548 2549 2550
f 2551 2552 2553
f 2554 2555 2556
f 2557 2558 2559
f 2560 2561 2562
f 2563 2564 2565
f 2566 2567 2568
f 2569 2570 2571
f 2572 2573 2574
f 2575 2576 2577
f 2578 2579 2580
f 2581 2582 2583
f 2584 2585 2586
f 2587 2588 2589
f 2590 2591 2592
f 2593 2594 2595
f 2596 2597 2598
f 2599 2600 2601
f 2602 2603 2604
f 2605 2606 2607
f 2608 2609 2610
f 2611 2612 2613
f 2614 2615 2616
f 2617 2618 2619
f 2620 2621 2622
f 2623 2624 2625
f 2626 2627 2628
f 2629 2630 2631
f 2632 2633 2634
f 2635 2636 2637
f 2638 2639 2640
f 2641 2642 2643
f 2644 2645 2646
f 2647 2648 2649
f 2650 2651 2652
f 2653 2654 2655
f 2656 2657 2658
f 2659 2660 2661
f 2662 2663 2664
f 2665 2666 2667
f 2668 2669 2670
f 2671 2672 2673
f 2674 2675 2676
f 2677 2678 2679
f 2680 2681 2682
f 2683 2684 2685
f 2686 2687 2688
f 2689 2690 2691
f 2692 2693 2694
f 2695 2696 2697
f 2698 2699 2700
f 2701 2702 2703
f 2704 2705 2706
f 2707 2708 2709
f 2710 2711 2712
f 2713 2714 2715
f 2716 2717 2718
f 2719 2720 2721
f 2722 2723 2724
f 2725 2726 2727
f 2728 2729 2730
f 2731 2732 2733
f 2734 2735 2736
f 2737 2738 2739
f 2740 2741 2742
f 2743 2744 2745
f 2746 2747 2748
f 2749 2750 2751
f 2752 2753 2754
f 2755 2756 2757
f 2758 2759 2760
f 2761 2762 2763
f 2764 2765 2766
f 2767 2768 2769
f 2770 2771 2772
f 2773 2774 2775
f 2776 2777 2778
f 2779 2780 2781
f 2782 2783 2784
f 2785 2786 2787
f 2788 2789 2790
f 2791 2792 2793
f 2794 2795 2796
f 2797 2798 2799
f 2800 2801 2802
f 2803 2804 2805
f 2806 2807 2808
f 2809 2810 2811
f 2812 2813 2814
f 2815 2816 2817
f 2818 2819 2820
f 2821 2822 2823
f 2824 2825 2826
f 2827 2828 2829
f 2830 2831 2832
f 2833 2834 2835
f 2836 2837 2838
f 2839 2840 2841
f 2842 2843 2844
f 2845 2846 2847
f 2848 2849 2850
f 2851 2852 2853
f 2854 2855 2856
f 2857 2858 2859
f 2860 2861 2862
f 2863 2864 2865
f 2866 2867 2868
f 2869 2870 2871
f 2872 2873 2874
f 2875 2876 2877
f 2878 2879 2880
f 2881 2882 2883
f 2884 2885 2886
f 2887 2888 2889
f 2890 2891 2892
f 2893 2894 2895
f 2896 2897 2898
f 2899 2900 2901
f 2902 2903 2904
f 2905 2906 2907
f 2908 2909 2910
f 2911 2912 2913
f 2914 2915 2916
f 2917 2918 2919
f 2920 2921 2922
f 2923 2924 2925
f 2926 2927 2928
f 2929 2930 2931
f 2932 2933 2934
f 2935 2936 2937
f 2938 2939 2940
f 2941 2942 2943
f 2944 2945 2946
f 2947 2948 2949
f 2950 2951 2952
f 2953 2954 2955
f 2956 2957 2958
f 2959 2960 2961
f 2962 2963 2964
f 2965 2966 2967
f 2968 2969 2970
f 2971 2972 2973
f 2974 2975 2976
f 2977 2978 2979
f 2980 2981 2982
f 2983 2984 2985
f 2986 2987 2988
f 2989 2990 2991
f 2992 2993 2994
f 2995 2996 2997
f 2998 2999 3000
f 3001 3002 3003
f 3004 3005 3006
f 3007 3008 3009
f 3010 3011 3012
f 3013 3014 3015
f 3016 3017 3018
f 3019 3020 3021
f 3022 3023 3024
f 3025 3026 3027
f 3028 3029 3030
f 3031 3032 3033
f 3034 3035 3036
f 3037 3038 3039
f 3040 3041 3042
f 3043 3044 3045
f 3046 3047 3048
f 3049 3050 3051
f 3052 3053 3054
f 3055 3056 3057
f 3058 3059 3060
f 3061 3062 3063
f 3064 3065 3066
f 3067 3068 3069
f 3070 3071 3072
f 3073 3074 3075
f 3076 3077 3078
f 3079 3080 3081
f 3082 3083 3084
f 3085 3086 3087
f 3088 3089 3090
f 3091 3092 3093
f 3094 3095 3096
f 3097 3098 3099
f 3100 3101 3102
f 3103 3104 3105
f 3106 3107 3108
f 3109 3110 3111
f 3112 3113 3114
f 3115 3116 3117
f 3118 3119 3120
f 3121 3122 3123
f 3124 3125 3126
f 3127 3128 3129
f 3130 3131 3132
f 3133 3134 3135
f 3136 3137 3138
f 3139 3140 3141
f 3142 3143 3144
f 3145 3146 3147
f 3148 3149 3150
f 3151 3152 3153
f 3154 3155 3156
f 3157 3158 3159
f 3160 3161 3162
f 3163 3164 3165
f 3166 3167 3168
f 3169 3170 3171
f 3172 3173 3174
f 3175 3176 3177
f 3178 3179 3180
f 3181 3182 3183
f 3184 3185 3186
f 3187 3188 3189
f 3190 3191 3192
f 3193 3194 3195
f 3196 3197 3198
f 3199 3200 3201
f 3202 3203 3204
f 3205 3206 3207
f 3208 3209 3210
f 3211 3212 3213
f 3214 3215 3216
f 3217 3218 3219
f 3220 3221 3222
f 3223 3224 3225
f 3226 3227 3228
f 3229 3230 3231
f 3232 3233 3234
f 3235 3236 3237
f 3238 3239 3240
f 3241 3242 3243
f 3244 3245 3246
f 3247 3248 3249
f 3250 3251 3252
f 3253 3254 3255
f 3256 3257 3258
f 3259 3260 3261
f 3262 3263 3264
f 3265 3266 3267
f 3268 3269 3270
f 3271 3272 3273
f 3274 3275 3276
f 3277 3278 3279
f 3280 3281 3282
f 3283 3284 3285
f 3286 3287 3288
f 3289 3290 3291
f 3292 3293 3294
f 3295 3296 3297
f 3298 3299 3300
f 3301 3302 3303
f 3304 3305 3306
f 3307 3308 3309
f 3310 3311 3312
f 3313 3314 3315
f 3316 3317 3318
f 3319 3320 3321
f 3322 3323 3324
f 3325 3326 3327
f 3328 3329 3330
f 3331 3332 3333
f 3334 3335 3336
f 3337 3338 3339
f 3340 3341 3342
f 3343 3344 3345
f 3346 3347 3348
f 3349 3350 3351
f 3352 3353 3354
f 3355 3356 3357
f 3358 3359 3360
f 3361 3362 3363
f 3364 3365 3366
f 3367 3368 3369
f 3370 3371 3372
f 3373 3374 3375
f 3376 3377 3378
f 3379 3380 3381
f 3382 3383 3384
f 3385 3386 3387
f 3388 3389 3390
f 3391 3392 3393
f 3394 3395 3396
f 3397 3398 3399
f 3400 3401 3402
f 3403 3404 3405
f 3406 3407 3408
f 3409 3410 3411
f 3412 3413 3414
f 3415 3416 3417
f 3418 3419 3420
f 3421 3422 3423
f 3424 3425 3426
f 3427 3428 3429
f 3430 3431 3432
f 3433 3434 3435
f 3436 3437 3438
f 3439 3440 3441
f 3442 3443 3444
f 3445 3446 3447
f 3448 3449 3450
f 3451 3452 3453
f 3454 3455 3456
f 3457 3458 3459
f 3460 3461 3462
f 3463 3464 3465
f 3466 3467 3468
f 3469 3470 3471
f 3472 3473 3474
f 3475 3476 3477
f 3478 3479 3480
f 3481 3482 3483
f 3484 3485 3486
f 3487 3488 3489
f 3490 3491 3492
f 3493 3494 3495
f 3496 3497 3498
f 3499 3500 3501
f 3502 3503 3504
f 3505 3506 3507
f 3508 3509 3510
f 3511 3512 3513
f 3514 3515 3516
f 3517 3518 3519
f 3520 3521 3522
f 3523 3524 3525
f 3526 3527 3528
f 3529 3530 3531
f 3532 3533 3534
f 3535 3536 3537
f 3538 3539 3540
f 3541 3542 3543
f 3544 3545 3546
f 3547 3548 3549
f 3550 3551 3552
f 3553 3554 3555
f 3556 3557 3558
f 3559 3560 3561
f 3562 3563 3564
f 3565 3566 3567
f 3568 3569 3570
f 3571 3572 3573
f 3574 3575 3576
f 3577 3578 3579
f 3580 3581 3582
f 3583 3584 3585
f 3586 3587 3588
f 3589 3590 3591
f 3592 3593 3594
f 3595 3596 3597
f 3598 3599 3600
f 3601 3602 3603
f 3604 3605 3606
f 3607 3608 3609
f 3610 3611 3612
f 3613 3614 3615
f 3616 3617 3618
f 3619 3620 3621
f 3622 3623 3624
f 3625 3626 3627
f 3628 3629 3630
f 3631 3632 3633
f 3634 3635 3636
f 3637 3638 3639
f 3640 3641 3642
f 3643 3644 3645
f 3646 3647 3648
f 3649 3650 3651
f 3652 3653 3654
f 3655 3656 3657
f 3658 3659 3660
f 3661 3662 3663
f 3664 3665 3666
f 3667 3668 3669
f 3670 3671 3672
f 3673 3674 3675
f 3676 3677 3678
f 3679 3680 3681
f 3682 3683 3684
f 3685 3686 3687
f 3688 3689 3690
f 3691 3692 3693
f 3694 3695 3696
f 3697 3698 3699
f 3700 3701 3702
f 3703 3704 3705
f 3706 3707 3708
f 3709 3710 3711
f 3712 3713 3714
f 3715 3716 3717
f 3718 3719 3720
f 3721 3722 3723
f 3724 3725 3726
f 3727 3728 3729
f 3730 3731 3732
f 3733 3734 3735
f 3736 3737 3738
f 3739 3740 3741
f 3742 3743 3744
f 3745 3746 3747
f 3748 3749 3750
f 3751 3752 3753
f 3754 3755 3756
f 3757 3758 3759
f 3760 3761 3762
f 3763 3764 3765
f 3766 3767 3768
f 3769 3770 3771
f 3772 3773 3774
f 3775 3776 3777
f 3778 3779 3780
f 3781 3782 3783
f 3784 3785 3786
f 3787 3788 3789
f 3790 3791 3792
f 3793 3794 3795
f 3796 3797 3798
f 3799 3800 3801
f 3802 3803 3804
f 3805 3806 3807
f 3808 3809 3810
f 3811 3812 3813
f 3814 3815 3816
f 3817 3818 3819
f 3820 3821 3822
f 3823 3824 3825
f 3826 3827 3828
f 3829 3830 3831
f 3832 3833 3834
f 3835 3836 3837
f 3838 3839 3840
f 3841 3842 3843
f 3844 3845 3846
f 3847 3848 3849
f 3850 3851 3852
f 3853 3854 3855
f 3856 3857 3858
f 3859 3860 3861
f 3862 3863 3864
f 3865 3866 3867
f 3868 3869 3870
f 3871 3872 3873
f 3874 3875 3876
f 3877 3878 3879
f 3880 3881 3882
f 3883 3884 3885
f 3886 3887 3888
f 3889 3890 3891
f 3892 3893 3894
f 3895 3896 3897
f 3898 3899 3900
f 3901 3902 3903
f 3904 3905 3906
f 3907 3908 3909
f 3910 3911 3912
f 3913 3914 3915
f 3916 3917 3918
f 3919 3920 3921
f 3922 3923 3924
f 3925 3926 3927
f 3928 3929 3930
f 3931 3932 3933
f 3934 3935 3936
f 3937 3938 3939
f 3940 3941 3942
f 3943 3944 3945
f 3946 3947 3948
f 3949 3950 3951
f 3952 3953 3954
f 3955 3956 3957
f 3958 3959 3960
f 3961 3962 3963
f 3964 3965 3966
f 3967 3968 3969
f 3970 3971 3972
f 3973 3974 3975
f 3976 3977 3978
f 3979 3980 3981
f 3982 3983 3984
f 3985 3986 3987
f 3988 3989 3990
f 3991 3992 3993
f 3994 3995 3996
f 3997 3998 3999
f 4000 4001 4002
f 4003 4004 4005
f 4006 4007 4008
f 4009 4010 4011
f 4012 4013 4014
f 4015 4016 4017
f 4018 4019 4020
f 4021 4022 4023
f 4024 4025 4026
f 4027 4028 4029
f 4030 4031 4032
f 4033 4034 4035
f 4036 4037 4038
f 4039 4040 4041
f 4042 4043 4044
f 4045 4046 4047
f 4048 4049 4050
f 4051 4052 4053
f 4054 4055 4056
f 4057 4058 4059
f 4060 4061 4062
f 4063 4064 4065
f 4066 4067 4068
f 4069 4070 4071
f 4072 4073 4074
f 4075 4076 4077
f 4078 4079 4080
f 4081 4082 4083
f 4084 4085 4086
f 4087 4088 4089
f 4090 4091 4092
f 4093 4094 4095
f 4096 4097 4098
f 4099 4100 4101
f 4102 4103 4104
f 4105 4106 4107
f 4108 4109 4110
f 4111 4112 4113
f 4114 4115 4116
f 4117 4118 4119
f 4120 4121 4122
f 4123 4124 4125
f 4126 4127 4128
f 4129 4130 4131
f 4132 4133 4134
f 4135 4136 4137
f 4138 4139 4140
f 4141 4142 4143
f 4144 4145 4146
f 4147 4148 4149
f 4150 4151 4152
f 4153 4154 4155
f 4156 4157 4158
f 4159 4160 4161
f 4162 4163 4164
f 4165 4166 4167
f 4168 4169 4170
f 4171 4172 4173
f 4174 4175 4176
f 4177 4178 4179
f 4180 4181 4182
f 4183 4184 4185
f 4186 4187 4188
f 4189 4190 4191
f 4192 4193 4194
f 4195 4196 4197
f 4198 4199 4200
f 4201 4202 4203
f 4204 4205 4206
f 4207 4208 4209
f 4210 4211 4212
f 4213 4214 4215
f 4216 4217 4218
f 4219 4220 4221
f 4222 4223 4224
f 4225 4226 4227
f 4228 4229 4230
f 4231 4232 4233
f 4234 4235 4236
f 4237 4238 4239
f 4240 4241 4242
f 4243 4244 4245
f 4246 4247 4248
f 4249 4250 4251
f 4252 4253 4254
f 4255 4256 4257
f 4258 4259 4260
f 4261 4262 4263
f 4264 4265 4266
f 4267 4268 4269
f 4270 4271 4272
f 4273 4274 4275
f 4276 4277 4278
f 4279 4280 4281
f 4282 4283 4284
f 4285 4286 4287
f 4288 4289 4290
f 4291 4292 4293
f 4294 4295 4296
f 4297 4298 4299
f 4300 4301 4302
f 4303 4304 4305
f 4306 4307 4308
f 4309 4310 4311
f 4312 4313 4314
f 4315 4316 4317
f 4318 4319 4320
f 4321 4322 4323
f 4324 4325 4326
f 4327 4328 4329
f 4330 4331 4332
f 4333 4334 4335
f 4336 4337 4338
f 4339 4340 4341
f 4342 4343 4344
f 4345 4346 4347
f 4348 4349 4350
f 4351 4352 4353
f 4354 4355 4356
f 4357 4358 4359
f 4360 4361 4362
f 4363 4364 4365
f 4366 4367 4368
f 4369 4370 4371
f 4372 4373 4374
f 4375 4376 4377
f 4378 4379 4380
f 4381 4382 4383
f 4384 4385 4386
f 4387 4388 4389
f 4390 4391 4392
f 4393 4394 4395
f 4396 4397 4398
f 4399 4400 4401
f 4402 4403 4404
f 4405 4406 4407
f 4408 4409 4410
f 4411 4412 4413
f 4414 4415 4416
f 4417 4418 4419
f 4420 4421 4422
f 4423 4424 4425
f 4426 4427 4428
f 4429 4430 4431
f 4432 4433 4434
f 4435 4436 4437
f 4438 4439 4440
f 4441 4442 4443
f 4444 4445 4446
f 4447 4448 4449
f 4450 4451 4452
f 4453 4454 4455
f 4456 4457 4458
f 4459 4460 4461
f 4462 4463 4464
f 4465 4466 4467
f 4468 4469 4470
f 4471 4472 4473
f 4474 4475 4476
f 4477 4478 4479
f 4480 4481 4482
f 4483 4484 4485
f 4486 4487 4488
f 4489 4490 4491
f 4492 4493 4494
f 4495 4496 4497
f 4498 4499 4500
f 4501 4502 4503
f 4504 4505 4506
f 4507 4508 4509
f 4510 4511 4512
f 4513 4514 4515
f 4516 4517 4518
f 4519 4520 4521
f 4522 4523 4524
f 4525 4526 4527
f 4528 4529 4530
f 4531 4532 4533
f 4534 4535 4536
f 4537 4538 4539
f 4540 4541 4542
f 4543 4544 4545
f 4546 4547 4548
f 4549 4550 4551
f 4552 4553 4554
f 4555 4556 4557
f 4558 4559 4560
f 4561 4562 4563
f 4564 4565 4566
f 4567 4568 4569
f 4570 4571 4572
f 4573 4574 4575
f 4576 4577 4578
f 4579 4580 4581
f 4582 4583 4584
f 4585 4586 4587
f 4588 4589 4590
f 4591 4592 4593
f 4594 4595 4596
f 4597 4598 4599
f 4600 4601 4602
f 4603 4604 4605
f 4606 4607 4608
f 4609 4610 4611
f 4612 4613 4614
f 4615 4616 4617
f 4618 4619 4620
f 4621 4622 4623
f 4624 4625 4626
f 4627 4628 4629
f 4630 4631 4632
f 4633 4634 4635
f 4636 4637 4638
f 4639 4640 4641
f 4642 4643 4644
f 4645 4646 4647
f 4648 4649 4650
f 4651 4652 4653
f 4654 4655 4656
f 4657 4658 4659
f 4660 4661 4662
f 4663 4664 4665
f 4666 4667 4668
f 4669 4670 4671
f 4672 4673 4674
f 4675 4676 4677
f 4678 4679 4680
f 4681 4682 4683
f 4684 4685 4686
f 4687 4688 4689
f 4690 4691 4692
f 4693 4694 4695
f 4696 4697 4698
f 4699 4700 4701
f 4702 4703 4704
f 4705 4706 4707
f 4708 4709 4710
f 4711 4712 4713
f 4714 4715 4716
f 4717 4718 4719
f 4720 4721 4722
f 4723 4724 4725
f 4726 4727 4728
f 4729 4730 4731
f 4732 4733 4734
f 4735 4736 4737
f 4738 4739 4740
f 4741 4742 4743
f 4744 4745 4746
f 4747 4748 4749
f 4750 4751 4752
f 4753 4754 4755
f 4756 4757 4758
f 4759 4760 4761
f 4762 4763 4764
f 4765 4766 4767
f 4768 4769 4770
f 4771 4772 4773
f 4774 4775 4776
f 4777 4778 4779
f 4780 4781 4782
f 4783 4784 4785
f 4786 4787 4788
f 4789 4790 4791
f 4792 4793 4794
f 4795 4796 4797
f 4798 4799 4800
f 4801 4802 4803
f 4804 4805 4806
f 4807 4808 4809
f 4810 4811 4812
f 4813 4814 4815
f 4816 4817 4818
f 4819 4820 4821
f 4822 4823 4824
f 4825 4826 4827
f 4828 4829 4830
f 4831 4832 4833
f 4834 4835 4836
f 4837 4838 4839
f 4840 4841 4842
f 4843 4844 4845
f 4846 4847 4848
f 4849 4850 4851
f 4852 4853 4854
f 4855 4856 4857
f 4858 4859 4860
f 4861 4862 4863
f 4864 4865 4866
f 4867 4868 4869
f 4870 4871 4872
f 4873 4874 4875
f 4876 4877 4878
f 4879 4880 4881
f 4882 4883 4884
f 4885 4886 4887
f 4888 4889 4890
f 4891 4892 4893
f 4894 4895 4896
f 4897 4898 4899
f 4900 4901 4902
f 4903 4904 4905
f 4906 4907 4908
f 4909 4910 4911
f 4912 4913 4914
f 4915 4916 4917
f 4918 4919 4920
f 4921 4922 4923
f 4924 4925 4926
f 4927 4928 4929
f 4930 4931 4932
f 4933 4934 4935
f 4936 4937 4938
f 4939 4940 4941
f 4942 4943 4944
f 4945 4946 4947
f 4948 4949 4950
f 4951 4952 4953
f 4954 4955 4956
f 4957 4958 4959
f 4960 4961 4962
f 4963 4964 4965
f 4966 4967 4968
f 4969 4970 4971
f 4972 4973 4974
f 4975 4976 4977
f 4978 4979 4980
f 4981 4982 4983
f 4984 4985 4986
f 4987 4988 4989
f 4990 4991 4992
f 4993 4994 4995
f 4996 4997 4998
f 4999 5000 5001
f 5002 5003 5004
f 5005 5006 5007
f 5008 5009 5010
f 5011 5012 5013
f 5014 5015 5016
f 5017 5018 5019
f 5020 5021 5022
f 5023 5024 5025
f 5026 5027 5028
f 5029 5030 5031
f 5032 5033 5034
f 5035 5036 5037
f 5038 5039 5040
f 5041 5042 5043
f 5044 5045 5046
f 5047 5048 5049
f 5050 5051 5052
f 5053 5054 5055
f 5056 5057 5058
f 5059 5060 5061
f 5062 5063 5064
f 5065 5066 5067
f 5068 5069 5070
f 5071 5072 5073
f 5074 5075 5076
f 5077 5078 5079
f 5080 5081 5082
f 5083 5084 5085
f 5086 5087 5088
f 5089 5090 5091
f 5092 5093 5094
f 5095 5096 5097
f 5098 5099 5100
f 5101 5102 5103
f 5104 5105 5106
f 5107 5108 5109
f 5110 5111 5112
f 5113 5114 5115
f 5116 5117 5118
f 5119 5120 5121
f 5122 5123 5124
f 5125 5126 5127
f 5128 5129 5130
f 5131 5132 5133
f 5134 5135 5136
f 5137 5138 5139
f 5140 5141 5142
f 5143 5144 5145
f 5146 5147 5148
f 5149 5150 5151
f 5152 5153 5154
f 5155 5156 5157
f 5158 5159 5160
f 5161 5162 5163
f 5164 5165 5166
f 5167 5168 5169
f 5170 5171 5172
f 5173 5174 5175
f 5176 5177 5178
f 5179 5180 5181
f 5182 5183 5184
